,stffPnnmCnt,rprsTelno,cpnmNm,rprsFaxno,exctPnnmCnt,baseYm,mnbrAdr,cpnmEngNm,insAgcstrNcnt,cpnmInfmDsnaNm,agcstrNcnt,num,rprpnNmp,empPnnmCnt,regPlnpnCnt,zipno,storNcnt
0,845,02-2002-7000,흥국생명보험주식회사,02-2002-7800,21,201409,서울특별시 종로구 새문안로 68(신문로 1가),HEUNGKUK LIFE INSURANCE CO. LTD.,30,흥국생명,218,1,김주윤,824,4331,110061,151
1,975,1577-1004,동양생명보험주식회사,771-1347,24,201409,서울특별시 종로구 종로33(청진동) 그랑서울,TONG YANG LIFE INSURANCE CO. LTD.,34,,248,2,구한서,951,3704,100192,147
2,1343,02-1588-0220,미래에셋생명보험주식회사,02-3390-5700,55,201409,"서울특별시 강남구 테헤란로 507(삼성동, 일송빌딩) (2014.12월말 현재)",Mirae Asset Life Insurance Co.Ltd.,26,미래에셋생명(Mirae Asset Life),131,3,"최현만, 하만덕, 이상걸",1288,4591,135880,183
3,877,02-6303-5000,케이디비생명보험주식회사,02-771-7561,20,201409,서울특별시 용산구 한강대로 372(KDB생명타워),KDB Life Insurance Co.Ltd,22,KDB생명보험(주),483,4,조재홍,857,3728,140170,169
4,1356,(02)3455-4000,신한생명보험주식회사,(02)775-3286,30,201409,서울특별시 중구 청계천로 54(광교빌딩),Shinhanlife insurance.co.LTD.,27,신한생명,659,5,이성락,1326,10290,100757,195
5,250,"051) 461-7700, 02) 2087-9301",우리아비바생명보험회사,"051) 461-0581, 02) 2087-9329",8,201409,서울특별시 서대문구 충정로 29(충정로3가),wooriaviva life Insurance Co.Ltd,11,우리아비바생명,153,6,김용복,242,1010,601716,38
6,654,3284-7000,현대라이프생명주식회사,3284-7455,18,201409,서울특별시 영등포구 여의나루로 57 현대라이프,Hyundai Life Insurance. Co. Ltd,14,HDLIFE,47,7,이주혁 (2014.12월말 현재),636,1784,150711,72
7,491,1588-3131,동부생명보험(주),3011-4000,15,201409,서울특별시 강남구 테헤란로 432 동부금융센타,Dongbu Life Insurance Co.Ltd.,16,,304,8,이태운,476,3468,135840,54
8,308,02-398-6800,케이비생명보험주식회사,02-398-6842,13,201409,서울특별시 용산구 청파로40(삼구빌딩2층) 한강로3가,KB Life Insurance Company,5,KB 생명보험,43,9,김진홍,295,414,140712,23
9,156,02-3709-7300,하나생명보험주식회사,02-755-0767,6,201409,서울특별시 중구 서소문로 89-31,Hana Life Insurance Co. Ltd.,17,하나생명 (Hana Life),35,10,김인환,150,41,100732,5
10,125,02-2270-1600,아이비케이연금보험주식회사,02-2270-1508,8,201409,"서울특별시 중구 칠패로 37(봉래동 1가, HSBC빌딩)",IBK Insurance Co. Ltd,11,IBK연금보험(주),0,11,조희철,117,0,100161,0
11,977,1544-4000,농협생명보험주식회사,2080-3042,9,201409,서울시 중구 통일로 120(충정로 1가),NongHyup Life Insurance Co. Ltd.,1166,NH농협생명,120,12,라동민,968,2360,100707,95
12,54,02-6020-8000,교보라이프플래닛생명보험 주식회사,02-6020-8096,5,201409,서울특별시 영등포구 국제금융로 6길 11삼덕빌딩 8층,KYOBO LIFEPLANET LIFE INSURANCE COMPANY,0,교보라이프플래닛,0,13,이학상,49,0,150884,1
13,166,02-3788-8800,비엔피파리바카디프생명보험주식회사,02-3788-8899,16,201409,서울특별시 중구 후암로 110서울시티타워 4층 (남대문로 5가),BNP Paribas Cardif Life Insurance,17,BNP파리바카디프생명,4,14,쟝 크리스토프 다베스,150,0,100803,0
14,1319,02-3787-7000,알리안츠생명보험 주식회사,02-3787-8787,23,201409,서울특별시 영등포구 의사당대로 147 (알리안츠 타워),Allianz Life Insurance CoLtd,24,AZLK,78,15,이명재,1296,4376,150978,276
15,808,02-2200-9114,ING생명보험(주),02-2200-9939,32,201409,서울특별시 중구 세종대로 7길 37 ING센터(순화동),ING Insurance Korea Ltd,8,,7,16,정문국,776,5517,100883,113
16,682,08-3469-9600,메트라이프생명보험(주),02-3469-9700,33,201409,서울특별시 강남구 테헤란로 316(메트라이프 타워),MetLife Insurance Company of Korea  Ltd.,14,MetLife,151,17,데미안 그린,649,5195,135918,95
17,498,02-2144-2000,푸르덴셜생명보험 주식회사,02-2144-2100,25,201409,서울특별시 강남구 강남대로 298 (푸르덴셜 타워),The Prudential Life Insurance Company of Korea  Ltd.,0,POK,12,18,손병옥,473,2105,135982,61
18,704,02-3707-4800,에이아이에이인터내셔널리미티드 한국지점,02-775-6109,12,201409,서울특별시 중구 통일로 2길 16 (순화동 216) AIA 타워,AIA International Limited Korea Branch,33,AIA Korea,1198,19,다니엘 리 코스텔로,692,2675,100012,88
19,700,02-3781-1000,라이나생명보험(주),02-792-6063,45,201409,서울시 종로구 삼봉로 48번지 시그나타워,LINA Life Insurance Company of Korea,15,라이나생명(주),144,20,홍봉성,655,1784,110130,4
20,386,02-6960-1356,PCA생명보험(주),02-6960-1605,26,201409,서울특별시 강남구 테헤란로 302 피씨에이라이프타워,PCA Life Insurance Co . Ltd,11,PCA생명,52,21,김영진,360,896,135080,42
21,264,2107-4600,에이스생명보험 주식회사,02-2107-4700,13,201409,서울시 강남구 영동대로 731 신영빌딩,ACE Life Insurance Company Ltd.,16,에이스생명,3,22,이영호,251,1011,135100,36
22,3815,1588-6363,한화생명보험주식회사,02-784-7217,68,201606,"서울특별시 영등포구 63로 50(여의도동, 63 한화생명빌딩)",HANWHA LIFE INSURANCE CO.LTD,37,HLI,243,23,차남규,3747,21271,07345,655
23,866,1588-2288,흥국생명보험주식회사,02-2002-7800,22,201606,서울특별시 종로구 새문안로 68,HEUNGKUK LIFE INSURANCE CO. LTD.,36,흥국생명,240,24,김주윤,844,3465,03184,144
24,1299,1588-0220,미래에셋생명보험주식회사,02-3390-5700,50,201606,"서울특별시 강남구 테헤란로 507(삼성동, 일송빌딩) ",Mirae Asset Life Insurance Co.Ltd.,25,미래에셋생명(Mirae Asset Life),99,25,하만덕,1249,3795,06168,169
25,936,1588-4040,케이디비생명보험주식회사,02-771-7561,20,201606,서울특별시 용산구 한강대로 372KDB생명타워,KDB Life Insurance Co.Ltd,24,KDB생명보험㈜,631,26,안양수,916,3955,04323,184
26,1346,1588-5580,신한생명보험주식회사,02-775-3286,28,201606,서울특별시 중구 삼일대로 358(을지로2가),Shinhanlife insurance.co.LTD.,31,신한생명,426,27,이병찬,1318,10080,04542,201
27,291,1588-4770,DGB생명보험주식회사,051-465-0581,11,201606,부산광역시 동구 중앙대로 361번길 14 (수정동),DGB Life Insurance Co.Ltd,12,DGB생명,85,28,오익환,280,825,48789,50
28,553,1577-3311,현대라이프생명주식회사,02-3284-7455,24,201606,서울특별시 영등포구 여의나루로 57 ,Hyundai Life Insurance. Co. Ltd,14,HDLIFE,32,29,이주혁,529,2716,07327,67
29,549,1588-3131,동부생명보험㈜,02-3011-4000,18,201606,서울특별시 강남구 테헤란로 432 동부금융센터,Dongbu Life Insurance Co.Ltd.,17,,179,30,이태운,531,3432,06194,67
30,354,1588-9922,케이비생명보험주식회사,02-398-6842,13,201606,"서울특별시 영등포구 국제금융로 2길 28 KB금융타워 2층, 15~20층",KB Life Insurance Company,8,KB 생명보험,209,31,신용길,341,638,07325,29
31,160,02-3709-7304,하나생명보험주식회사,02-755-0767,7,201606,서울특별시 중구 서소문로 89-31,Hana Life Insurance Co. Ltd.,19,하나생명 (Hana Life),2,32,권오훈,153,16,04516,2
32,143,02-2270-1600,아이비케이연금보험주식회사,02-2270-1508,11,201606,"서울특별시 중구 칠패로 37,IBK연금보험(봉래동 1가, HSBC빌딩)",IBK Insurance Co. Ltd,14,IBK연금보험(주),0,33,조희철,132,0,04511,0
33,1054,1544-4000,농협생명보험주식회사,02-3786-7120,10,201606,서울시 서대문구 충정로 60 ,NongHyup Life Insurance Co. Ltd.,1145,NH농협생명,146,34,김용복,1044,1983,03740,106
34,78,1566-0999,교보라이프플래닛생명보험 주식회사,02-6020-8096,5,201606,서울특별시 영등포구 국제금융로 6길 11삼덕빌딩 8층,KYOBO LIFEPLANET LIFE INSURANCE COMPANY,0,교보라이프플래닛,0,35,이학상,73,0,07330,1
35,776,1588-5005,ING생명보험(주),02-2200-9939,29,201606,"서울특별시 중구 세종대로 7길 37 (순화동, ING센터)",ING Insurance Korea Ltd,11,,42,36,정문국,747,5164,04511,100
36,1017,1577-1004,동양생명보험주식회사,02-771-1347,25,201606,서울특별시 종로구 종로33(청진동) 그랑서울,TONGYANG LIFE INSURANCE CO. LTD.,31,,191,37,구한서,992,3272,03159,140
37,177,1688-1118,비엔피파리바카디프생명보험주식회사,02-3788-8899,18,201606,"서울특별시 중구 후암로 110, 3층, 4층 (남대문로 5가)",BNP Paribas Cardif Life Insurance,18,BNP파리바카디프생명,5,38,쟝 크리스토프 다베스,159,0,04637,0
38,949,1588-6500,알리안츠생명보험 주식회사,02-3787-8787,18,201606,"서울특별시 영등포구 의사당대로 147 (여의도동, 알리안츠 타워)",Allianz Life Insurance CoLtd,24,AZLK,77,39,라우어리어 얀 요리스,931,3496,07332,180
39,644,1588-9600,메트라이프생명보험(주),02-3469-9700,32,201606,"서울특별시 강남구 테헤란로 316(역삼2동, 메트라이프타워)",MetLife Insurance Company of Korea  Ltd.,14,MetLife,154,40,데미언 그린,612,3918,06211,80
40,536,1588-3374,푸르덴셜생명보험 주식회사,02-2144-2100,29,201606,서울특별시 강남구 강남대로 298,The Prudential Life Insurance Company of Korea  Ltd.,0,POK,23,41,커티스 장,507,2034,06253,58
41,663,1588-9898,에이아이에이인터내셔널리미티드 한국지점,02-775-6109,11,201606,서울특별시 중구 통일로 2길 16 (순화동 216) AIA 타워,AIA International Limited Korea Branch,34,AIA Korea,686,42,차태진,652,1696,04511,61
42,866,1588-0058,라이나생명보험(주),02-792-6063,39,201606,서울특별시 종로구 삼봉로 48 (청진동 188) 시그나타워,LINA Life Insurance Company of Korea,22,라이나생명(주),185,43,홍봉성,827,1272,03156,4
43,353,1588-4300,PCA생명보험(주),02-6960-1605,28,201606,서울특별시 강남구 테헤란로 302 피씨에이라이프타워,PCA Life Insurance Co . Ltd,11,PCA생명,56,44,김영진,325,914,06210,36
44,205,1599-4600,"처브라이프생명보험 주식회사(&apos;16.9.1 사명변경, 구 에이스생명)",02-2107-4700,13,201606,서울특별시 강남구 삼성로 511 골든타워 5-6층,CHUBB Life Insurance Company Ltd.,20,처브라이프,31,45,이영호,192,652,06158,28
45,5377,1588-3114,삼성생명보험주식회사,02-2259-7708,69,201603,서울특별시 중구 세종대로 55,Samsung Life Insurance Co. Ltd,40,삼성생명,2038,46,김창수,5308,33365,04513,788
46,4172,1588-1001,교보생명보험주식회사,02-737-9970,43,201603,서울특별시 종로구 종로1(종로1가),KYOBO LIFE INSURANCE CO.LTD,84,교보생명,242,47,신창재,4129,18283,03154,667
47,3823,1588-6363,한화생명보험주식회사,02-784-7217,67,201603,"서울특별시 영등포구 63로 50(여의도동, 63 한화생명빌딩)",HANWHA LIFE INSURANCE CO.LTD,37,HLI,244,48,차남규,3756,21236,07345,655
48,864,1588-2288,흥국생명보험주식회사,02-2002-7800,20,201603,서울특별시 종로구 새문안로 68,HEUNGKUK LIFE INSURANCE CO. LTD.,35,흥국생명,235,49,김주윤,844,4209,03184,144
49,1299,1588-0220,미래에셋생명보험주식회사,02-3390-5700,50,201603,"서울특별시 강남구 테헤란로 507(삼성동, 일송빌딩) ",Mirae Asset Life Insurance Co.Ltd.,25,미래에셋생명(Mirae Asset Life),103,50,하만덕(&apos;16.4.28 기준),1249,3705,06168,167
50,928,1588-4040,케이디비생명보험주식회사,02-771-7561,19,201603,서울특별시 용산구 한강대로 372KDB생명타워,KDB Life Insurance Co.Ltd,23,KDB생명보험㈜,625,51,안양수,909,3844,04323,181
51,1361,1588-5580,신한생명보험주식회사,02-775-3286,28,201603,서울특별시 중구 삼일대로 358(을지로2가),Shinhanlife insurance.co.LTD.,31,신한생명,437,52,이병찬,1333,10572,04542,197
52,281,1588-4770,DGB생명보험주식회사,051-465-0581,11,201603,부산광역시 동구 중앙대로 361번길 14 (수정동),DGB Life Insurance Co.Ltd,13,DGB생명,125,53,오익환,270,775,48789,46
53,562,1577-3311,현대라이프생명주식회사,02-3284-7455,25,201603,서울특별시 영등포구 여의나루로 57 ,Hyundai Life Insurance. Co. Ltd,13,HDLIFE,32,54,이주혁,537,2431,07327,68
54,530,1588-3131,동부생명보험㈜,02-3011-4000,18,201603,서울특별시 강남구 테헤란로 432 동부금융센터,Dongbu Life Insurance Co.Ltd.,17,,182,55,이태운,512,3402,06194,68
55,355,1588-9922,케이비생명보험주식회사,02-398-6842,13,201603,"서울특별시 영등포구 국제금융로 2길 28 KB금융타워 2층, 15~20층",KB Life Insurance Company,8,KB 생명보험,198,56,신용길,342,654,07325,29
56,155,02-3709-7304,하나생명보험주식회사,02-755-0767,7,201603,서울특별시 중구 서소문로 89-31,Hana Life Insurance Co. Ltd.,19,하나생명 (Hana Life),4,57,권오훈,148,11,04516,2
57,143,02-2270-1600,아이비케이연금보험주식회사,02-2270-1508,10,201603,"서울특별시 중구 칠패로 37,IBK연금보험(봉래동 1가, HSBC빌딩)",IBK Insurance Co. Ltd,14,IBK연금보험(주),0,58,조희철,133,0,04511,0
58,1045,1544-4000,농협생명보험주식회사,02-3786-7120,9,201603,서울시 서대문구 충정로 60 ,NongHyup Life Insurance Co. Ltd.,1144,NH농협생명,144,59,김용복,1036,2076,03740,111
59,74,1566-0999,교보라이프플래닛생명보험 주식회사,02-6020-8096,5,201603,서울특별시 영등포구 국제금융로 6길 11삼덕빌딩 8층,KYOBO LIFEPLANET LIFE INSURANCE COMPANY,0,교보라이프플래닛,0,60,이학상,69,0,07330,1
60,773,1588-5005,ING생명보험(주),02-2200-9939,29,201603,"서울특별시 중구 세종대로 7길 37 (순화동, ING센터)",ING Insurance Korea Ltd,11,,34,61,정문국,744,5104,04511,102
61,998,1577-1004,동양생명보험주식회사,02-771-1347,25,201603,서울특별시 종로구 종로33(청진동) 그랑서울,TONGYANG LIFE INSURANCE CO. LTD.,31,,190,62,구한서,973,3245,03159,142
62,178,1688-1118,비엔피파리바카디프생명보험주식회사,02-3788-8899,18,201603,"서울특별시 중구 후암로 110, 3층, 4층 (남대문로 5가)",BNP Paribas Cardif Life Insurance,18,BNP파리바카디프생명,5,63,쟝 크리스토프 다베스,160,3,04637,1
63,1170,1588-6500,알리안츠생명보험 주식회사,02-3787-8787,21,201603,"서울특별시 영등포구 의사당대로 147 (여의도동, 알리안츠 타워)",Allianz Life Insurance CoLtd,24,AZLK,77,64,라우어리어 얀 요리스,1149,3348,07332,191
64,646,1588-9600,메트라이프생명보험(주),02-3469-9700,36,201603,"서울특별시 강남구 테헤란로 316(역삼2동, 메트라이프타워)",MetLife Insurance Company of Korea  Ltd.,15,MetLife,145,65,데미언 그린,610,4115,06211,82
65,535,1588-3374,푸르덴셜생명보험 주식회사,02-2144-2100,34,201603,서울특별시 강남구 강남대로 298,The Prudential Life Insurance Company of Korea  Ltd.,0,POK,23,66,커티스 장,501,2055,06253,59
66,673,1588-9898,에이아이에이인터내셔널리미티드 한국지점,02-775-6109,9,201603,서울특별시 중구 통일로 2길 16 (순화동 216) AIA 타워,AIA International Limited Korea Branch,34,AIA Korea,767,67,차태진,664,1874,04511,66
67,828,1588-0058,라이나생명보험(주),02-792-6063,39,201603,서울특별시 종로구 삼봉로 48 (청진동 188) 시그나타워,LINA Life Insurance Company of Korea,22,라이나생명(주),175,68,홍봉성,789,1296,03156,4
68,363,1588-4300,PCA생명보험(주),02-6960-1605,28,201603,서울특별시 강남구 테헤란로 302 피씨에이라이프타워,PCA Life Insurance Co . Ltd,11,PCA생명,55,69,김영진,335,931,06210,35
69,207,1599-4600,에이스생명보험 주식회사,02-2107-4700,13,201603,서울특별시 강남구 삼성로 511 골든타워 5-6층,ACE Life Insurance Company Ltd.,16,에이스생명,27,70,이영호,194,672,06158,28
70,5343,1588-3114,삼성생명보험주식회사,02-2259-7708,69,201512,서울특별시 중구 세종대로 55,Samsung Life Insurance Co. Ltd,39,삼성생명,1966,71,김창수,5274,32473,04513,788
71,5287,215883114,삼성생명보험주식회사,,69,201806,서울특별시 서초구 서초대로74길 11,Samsung Life Insurance Co. Ltd,43,삼성생명,2689,72,현성철,5218,37798,6620,712
72,3840,72121213131,교보생명보험주식회사,7379970,39,201806,서울 종로구 종로 1,KYOBO LIFE INSURANCE CO.LTD,89,교보생명,180,73,신창재,3801,17106,3154,633
73,3901,15886363,한화생명보험주식회사,27847217,56,201806,서울시 영등포구 63로 50,HANWHA LIFE INSURANCE CO.LTD,44,HLI,240,74,차남규,3845,18623,150763,642
74,634,220027000,흥국생명보험회사,220027800,24,201806,서울시 종로구 새문안로68,HEUNGKUK LIFE INSURANCE CO. LTD.,39,흥국생명,209,75,조병익,610,1832,3184,76
75,1017,15771004,동양생명보험주식회사,7711347,23,201806,서울시 종로구 청진동 70,TONG YANG LIFE INSURANCE CO.LTD.,38,,151,76,뤄젠룽,994,3407,3159,140
76,1220,215880220,미래에셋생명보험주식회사,233905700,40,201806,서울특별시 영등포구 국제금율로 56(여의도동 미래에셋대우빌딩),Mirae Asset Life Insurance Co.Ltd.,24,미래에셋생명(Mirae Asset Life),88,77,하만덕 김재식,1180,4095,7330,115
77,625,263035000,케이디비생명보험주식회사,27717561,9,201806,서울시 용산구 한강대로 372 KDB생명타워,KDB Life Insurance Co.Ltd,27,KDB생명보험㈜,597,78,정재욱,616,2207,4323,105
78,1290,,신한생명보험주식회사,27751950,17,201806,서울특별시 중구 삼일대로 358(을지로 2가),Shinhanlife insurance.co.LTD.,32,신한생명,369,79,이병찬,1273,8081,4542,167
79,287,220879301,DGB생명보험주식회사,220879329,10,201806,부산광역시 동구 중앙대로361번길 14 1층(수정동),DGB life Insurance Co.Ltd,11,DGB생명,59,80,김경환,277,772,48789,43
80,302,69405350,푸본현대생명보험주식회사,32847455,18,201806,서울특별시 영등포구 여의나루로 57 (여의도동 신송센터),Fubon Hyundai Life Insurance Co.Ltd.,14,FHL,31,81,이재원,284,747,7327,14
81,575,15883131,DB생명보험(주),30114000,17,201806,서울 강남구 테헤란로 432 DB금융센터 7층,DB life Insurance Co.Ltd.,18,,156,82,이태운,558,3695,6194,66
82,367,23986800,케이비생명보험주식회사,23986842,15,201806,서울시 영등포구 국제금융로2길 28,KB Life Insurance Company,11,KB 생명보험,252,83,허정수,352,682,7325,31
83,164,237097300,하나생명보험주식회사,237098688,6,201806,서울특별시 중구 을지로 66,Hana Life Insurance Co. Ltd.,28,하나생명 (Hana Life),2,84,주재중,158,29,4538,3
84,157,222701600,아이비케이연금보험주식회사,222701508,11,201806,서울시 중구 칠패로 37(봉래동 1가 HSBC빌딩 1819층),IBK Insurance Co. Ltd,17,IBK연금보험㈜,98,85,장주성,146,0,100161,0
85,1103,15444000,농협생명보험주식회사,237867120,15,201806,서울 서대문구 통일로 87(미근동),"NongHyup Life Insurance Co.,Ltd",1144,NH농협생명,128,86,서기봉,1088,2423,3739,101
86,92,260208000,교보라이프플래닛생명보험 주식회사,260208096,6,201806,서울특별시 영등포구 국제금융로 6길 11 8층 (여의도동 삼덕빌딩),KYOBO LIFEPLANET LIFE INSURANCE COMPANY,5,교보라이프플래닛,0,87,이존학상,86,0,150884,1
87,787,222009114,오렌지라이프생명보험(주),222009939,30,201806,서울특별시 중구 세종대로7길 37,Orange Life Insurance Ltd.,13,,70,88,정문국,757,5494,4511,105
88,182,237888800,비엔피파리바카디프생명보험주식회사,237888899,16,201806,서울 중구 남대문로 5가 581 서울 시티타워 4층,BNP Paribas Cardif Life Insurance,17,BNP파리바카디프생명,10,89,브누아 메슬레,166,0,100803,1
89,936,237877000,에이비엘생명보험 주식회사,237878787,21,201806,서울시 영등포구 여의도동 4521(에이비엘 타워),ABL Life Insurance CoLtd,23,ABL,93,90,순레이,915,3071,150978,150
90,597,234699600,메트라이프생명보험(주),234699700,29,201806,서울 강남구 테헤란로 316 (역삼동 메트라이프타워),MetLife Insurance Company of Korea  Ltd.,14,MetLife,134,91,데미언 그린,568,3602,6211,122
91,531,221442000,푸르덴셜생명보험 주식회사,221442100,31,201806,서울 강남구 역삼동 838 푸르덴셜 타워,The Prudential Life Insurance Company of Korea  Ltd.,0,POK,44,92,커티스 장,500,1853,135982,62
92,580,237074761,에이아이에이생명보험 주식회사,27756109,33,201806,서울 중구 통일로 2길 16 AIA TOWER,AIA Life Insurance Co. Ltd.,34,AIA생명,483,93,차태진,547,1647,4511,41
93,823,237811000,라이나생명보험(주),27926063,35,201806,서울시 종로구 삼봉로 48번지 시그나타워,LINA Life Insurance Company of Korea,23,라이나생명㈜,204,94,홍봉성,788,881,110130,14
94,186,21074600,처브라이프생명보험주식회사,21074700,11,201806,서울특별시 강남구 테헤란로 322 23층 동관(역삼동 한신인터밸리24빌딩),Chubb Life Insurance Korea Co. Ltd,15,처브라이프생명,52,95,이영호,175,653,6211,31
95,5315,215883114,삼성생명보험주식회사,,69,201809,서울특별시 서초구 서초대로74길 11,Samsung Life Insurance Co. Ltd,43,삼성생명,2721,96,현성철,5246,38423,6620,713
96,3854,72121213131,교보생명보험주식회사,7379970,40,201809,서울 종로구 종로 1,KYOBO LIFE INSURANCE CO.LTD,89,교보생명,170,97,신창재,3814,16697,3154,631
97,3939,15886363,한화생명보험주식회사,27847217,55,201809,서울시 영등포구 63로 50,HANWHA LIFE INSURANCE CO.LTD,44,HLI,212,98,차남규,3884,18442,150763,637
98,648,220027000,흥국생명보험회사,220027800,24,201809,서울시 종로구 새문안로68,HEUNGKUK LIFE INSURANCE CO. LTD.,39,흥국생명,0,99,조병익,624,1695,3184,76
99,1016,15771004,동양생명보험주식회사,7711347,22,201809,서울시 종로구 청진동 70,TONG YANG LIFE INSURANCE CO.LTD.,38,,148,100,뤄젠룽,994,3318,3159,137
100,1206,215880220,미래에셋생명보험주식회사,233905700,41,201809,서울특별시 영등포구 국제금율로 56(여의도동 미래에셋대우빌딩),Mirae Asset Life Insurance Co.Ltd.,24,미래에셋생명(Mirae Asset Life),84,101,하만덕 김재식,1165,3787,7330,108
101,627,263035000,케이디비생명보험주식회사,27717561,15,201809,서울시 용산구 한강대로 372 KDB생명타워,KDB Life Insurance Co.Ltd,27,KDB생명보험㈜,606,102,정재욱,612,2123,4323,105
102,1294,,신한생명보험주식회사,27751950,17,201809,서울특별시 중구 삼일대로 358(을지로 2가),Shinhanlife insurance.co.LTD.,32,신한생명,357,103,이병찬,1277,7672,4542,162
103,282,220879301,DGB생명보험주식회사,220879329,9,201809,부산광역시 동구 중앙대로361번길 14 1층(수정동),DGB life Insurance Co.Ltd,13,DGB생명,63,104,김경환,273,724,48789,38
104,311,69405350,푸본현대생명보험주식회사,32847455,20,201809,서울특별시 영등포구 여의나루로 57 (여의도동 신송센터),Fubon Hyundai Life Insurance Co.Ltd.,14,FHL,31,105,이재원,291,566,7327,14
105,577,15883131,DB생명보험(주),30114000,17,201809,서울 강남구 테헤란로 432 DB금융센터 7층,DB life Insurance Co.Ltd.,18,,156,106,이태운,560,3728,6194,65
106,361,23986800,케이비생명보험주식회사,23986842,15,201809,서울시 영등포구 국제금융로2길 28,KB Life Insurance Company,12,KB 생명보험,249,107,허정수,346,619,7325,26
107,163,237097300,하나생명보험주식회사,237098688,6,201809,서울특별시 중구 을지로 66,Hana Life Insurance Co. Ltd.,28,하나생명 (Hana Life),1,108,주재중,157,35,4538,3
108,4170,1588-1001,교보생명보험주식회사,02-737-9970,43,201512,서울특별시 종로구 종로1(종로1가),KYOBO LIFE INSURANCE CO.LTD,84,교보생명,249,109,신창재,4127,18365,03154,679
109,3809,1588-6363,한화생명보험주식회사,02-784-7217,62,201512,"서울특별시 영등포구 63로 50(여의도동, 63 한화생명빌딩)",HANWHA LIFE INSURANCE CO.LTD,37,HLI,248,110,차남규,3747,21151,07345,651
110,874,1588-2288,흥국생명보험주식회사,02-2002-7800,16,201512,서울특별시 종로구 새문안로 68,HEUNGKUK LIFE INSURANCE CO. LTD.,34,흥국생명,225,111,김주윤,858,4393,03184,141
111,1369,1588-0220,미래에셋생명보험주식회사,02-3390-5700,61,201512,"서울특별시 강남구 테헤란로 507(삼성동, 일송빌딩) ",Mirae Asset Life Insurance Co.Ltd.,25,미래에셋생명(Mirae Asset Life),103,112,하만덕(&apos;16.4.28 기준),1308,3700,06168,168
112,928,1588-4040,케이디비생명보험주식회사,02-771-7561,20,201512,서울특별시 용산구 한강대로 372KDB생명타워,KDB Life Insurance Co.Ltd,23,KDB생명보험㈜,533,113,안양수,908,3755,04323,177
113,1352,1588-5580,신한생명보험주식회사,02-775-3286,30,201512,서울특별시 중구 삼일대로 358(을지로2가),Shinhanlife insurance.co.LTD.,31,신한생명,490,114,이병찬,1322,10799,04542,198
114,266,1588-4770,DGB생명보험주식회사,051-465-0581,11,201512,부산광역시 동구 중앙대로 361번길 14 (수정동),DGB Life Insurance Co.Ltd,13,DGB생명,127,115,오익환,255,720,48789,43
115,559,1577-3311,현대라이프생명주식회사,02-3284-7455,20,201512,서울특별시 영등포구 여의나루로 57 ,Hyundai Life Insurance. Co. Ltd,13,HDLIFE,32,116,이주혁,539,2610,07327,66
116,521,1588-3131,동부생명보험㈜,02-3011-4000,14,201512,서울특별시 강남구 테헤란로 432 동부금융센터,Dongbu Life Insurance Co.Ltd.,17,,186,117,이태운,507,3363,06194,64
117,328,1588-9922,케이비생명보험주식회사,02-398-6842,13,201512,"서울특별시 영등포구 국제금융로 2길 28 KB금융타워 2층, 15~20층",KB Life Insurance Company,8,KB 생명보험,188,118,신용길,315,581,07325,26
118,153,02-3709-7304,하나생명보험주식회사,02-755-0767,6,201512,서울특별시 중구 서소문로 89-31,Hana Life Insurance Co. Ltd.,19,하나생명 (Hana Life),4,119,권오훈,147,11,04516,2
119,139,02-2270-1600,아이비케이연금보험주식회사,02-2270-1508,10,201512,"서울특별시 중구 칠패로 37,IBK연금보험(봉래동 1가, HSBC빌딩)",IBK Insurance Co. Ltd,14,IBK연금보험(주),0,120,조희철,129,0,04511,0
120,1059,1544-4000,농협생명보험주식회사,02-3786-7120,10,201512,서울시 서대문구 충정로 60 ,NongHyup Life Insurance Co. Ltd.,1145,NH농협생명,140,121,김용복,1049,1897,03740,114
121,64,1566-0999,교보라이프플래닛생명보험 주식회사,02-6020-8096,5,201512,서울특별시 영등포구 국제금융로 6길 11삼덕빌딩 8층,KYOBO LIFEPLANET LIFE INSURANCE COMPANY,0,교보라이프플래닛,0,122,이학상,59,0,07330,1
122,776,1588-5005,ING생명보험(주),02-2200-9939,31,201512,"서울특별시 중구 세종대로 7길 37 (순화동, ING센터)",ING Insurance Korea Ltd,11,,31,123,정문국,745,4990,04511,103
123,995,1577-1004,동양생명보험주식회사,02-771-1347,25,201512,서울특별시 종로구 종로33(청진동) 그랑서울,TONGYANG LIFE INSURANCE CO. LTD.,30,,190,124,구한서,970,3230,03159,141
124,180,1688-1118,비엔피파리바카디프생명보험주식회사,02-3788-8899,18,201512,"서울특별시 중구 후암로 110, 3층, 4층 (남대문로 5가)",BNP Paribas Cardif Life Insurance,18,BNP파리바카디프생명,5,125,쟝 크리스토프 다베스,162,3,04637,1
125,1183,1588-6500,알리안츠생명보험 주식회사,02-3787-8787,24,201512,"서울특별시 영등포구 의사당대로 147 (여의도동, 알리안츠 타워)",Allianz Life Insurance CoLtd,24,AZLK,73,126,라우어리어 얀 요리스,1159,3418,07332,214
126,643,1588-9600,메트라이프생명보험(주),02-3469-9700,34,201512,"서울특별시 강남구 테헤란로 316(역삼2동, 메트라이프타워)",MetLife Insurance Company of Korea  Ltd.,15,MetLife,147,127,데미언 그린,609,4268,06211,83
127,536,1588-3374,푸르덴셜생명보험 주식회사,02-2144-2100,30,201512,서울특별시 강남구 강남대로 298,The Prudential Life Insurance Company of Korea  Ltd.,0,POK,20,128,커티스 장,506,2082,06253,58
128,680,1588-9898,에이아이에이인터내셔널리미티드 한국지점,02-775-6109,11,201512,서울특별시 중구 통일로 2길 16 (순화동 216) AIA 타워,AIA International Limited Korea Branch,34,AIA Korea,809,129,차태진,669,2007,04511,71
129,800,1588-0058,라이나생명보험(주),02-792-6063,39,201512,서울특별시 종로구 삼봉로 48 (청진동 188) 시그나타워,LINA Life Insurance Company of Korea,22,라이나생명(주),169,130,홍봉성,761,1736,03156,4
130,375,1588-4300,PCA생명보험(주),02-6960-1605,28,201512,서울특별시 강남구 테헤란로 302 피씨에이라이프타워,PCA Life Insurance Co . Ltd,11,PCA생명,54,131,김영진,347,967,06210,36
131,207,1599-4600,에이스생명보험 주식회사,02-2107-4700,14,201512,서울특별시 강남구 삼성로 511 골든타워 5-6층,ACE Life Insurance Company Ltd.,15,에이스생명,21,132,이영호,193,698,06158,26
132,5569,1588-3114,삼성생명보험주식회사,02-2259-7708,66,201509,서울특별시 중구 세종대로 55,Samsung Life Insurance Co. Ltd,39,삼성생명,2034,133,김창수,5503,32471,04513,794
133,4141,1588-1001,교보생명보험주식회사,02-737-9970,43,201509,서울특별시 종로구 종로1(종로1가),KYOBO LIFE INSURANCE CO.LTD,89,교보생명,264,134,신창재,4098,18797,03154,679
134,3829,1588-6363,한화생명보험주식회사,02-784-7217,63,201509,"서울특별시 영등포구 63로 50(여의도동, 한화금융센터 63)",HANWHA LIFE INSURANCE CO.LTD,37,HLI,257,135,차남규,3766,21847,07345,644
135,878,1588-2288,흥국생명보험주식회사,02-2002-7800,16,201509,서울특별시 종로구 새문안로 68,HEUNGKUK LIFE INSURANCE CO. LTD.,36,흥국생명,232,136,김주윤,862,4419,03184,142
136,1339,1588-0220,미래에셋생명보험주식회사,02-3390-5700,56,201509,"서울특별시 강남구 테헤란로 507(삼성동, 일송빌딩) ",Mirae Asset Life Insurance Co.Ltd.,25,미래에셋생명(Mirae Asset Life),101,137,"최현만, 하만덕(공동대표였던 이상걸 대표이사 사임)",1283,4139,06168,179
137,926,1588-4040,케이디비생명보험주식회사,02-771-7561,20,201509,서울특별시 용산구 한강대로 372KDB생명타워,KDB Life Insurance Co.Ltd,24,KDB생명보험㈜,514,138,안양수,906,3716,04323,173
138,1356,1588-5580,신한생명보험주식회사,02-775-3286,30,201509,서울특별시 중구 청계천로 54,Shinhanlife insurance.co.LTD.,30,신한생명,532,139,이성락,1326,10759,04540,191
139,262,1588-4770,DGB생명보험주식회사,051-465-0581,11,201509,부산광역시 동구 중앙대로 361번길 14 (수정동),DGB Life Insurance Co.Ltd,12,DGB생명,126,140,오익환,251,714,48789,42
140,566,1577-3311,현대라이프생명주식회사,02-3284-7455,19,201509,서울특별시 영등포구 여의나루로 57 현대라이프,Hyundai Life Insurance. Co. Ltd,13,HDLIFE,41,141,이주혁,547,2222,07327,63
141,517,1588-3131,동부생명보험㈜,02-3011-4000,14,201509,서울특별시 강남구 테헤란로 432 동부금융센터,Dongbu Life Insurance Co.Ltd.,17,,193,142,이태운,503,3382,06194,61
142,325,1588-9922,케이비생명보험주식회사,02-398-6842,13,201509,"서울특별시 영등포구 국제금융로 2길 28 KB금융타워 2층, 15~20층 
(2015.12월 용산구에서 여의도로 사옥 이전)",KB Life Insurance Company,8,KB 생명보험,169,143,신용길,312,506,07325,24
143,154,02-3709-7304,하나생명보험주식회사,02-755-0767,6,201509,서울특별시 중구 서소문로 89-31,Hana Life Insurance Co. Ltd.,20,하나생명 (Hana Life),4,144,김인환,148,0,04516,2
144,134,02-2270-1600,아이비케이연금보험주식회사,02-2270-1508,11,201509,"서울특별시 중구 칠패로 37,IBK연금보험(봉래동 1가, HSBC빌딩)",IBK Insurance Co. Ltd,14,IBK연금보험(주),0,145,조희철,123,0,04511,0
145,1010,1544-4000,농협생명보험주식회사,02-3786-7120,9,201509,서울시 서대문구 충정로 60 ,NongHyup Life Insurance Co. Ltd.,1145,NH농협생명,136,146,김용복,1001,2003,03740,112
146,65,1566-0999,교보라이프플래닛생명보험 주식회사,02-6020-8096,5,201509,서울특별시 영등포구 국제금융로 6길 11삼덕빌딩 8층,KYOBO LIFEPLANET LIFE INSURANCE COMPANY,0,교보라이프플래닛,0,147,이학상,60,0,07330,1
147,783,1588-5005,ING생명보험(주),02-2200-9939,29,201509,"서울특별시 중구 세종대로 7길 37 (순화동, ING센터)",ING Insurance Korea Ltd,10,,22,148,정문국,754,4988,04511,106
148,993,1577-1004,동양생명보험주식회사,02-771-1347,24,201509,서울특별시 종로구 종로33(청진동) 그랑서울,TONGYANG LIFE INSURANCE CO. LTD.,30,,207,149,구한서,969,3474,03159,152
149,177,1688-1118,비엔피파리바카디프생명보험주식회사,02-3788-8899,18,201509,"서울특별시 중구 후암로 110, 3층, 4층 (남대문로 5가)",BNP Paribas Cardif Life Insurance,18,BNP파리바카디프생명,5,150,쟝 크리스토프 다베스,159,4,04637,0
150,1265,1588-6500,알리안츠생명보험 주식회사,02-3787-8787,24,201509,"서울특별시 영등포구 의사당대로 147 (여의도동, 알리안츠 타워)",Allianz Life Insurance CoLtd,24,AZLK,67,151,이명재,1241,3672,07332,241
151,658,1588-9600,메트라이프생명보험(주),02-3469-9700,33,201509,"서울특별시 강남구 테헤란로 316(역삼2동, 메트라이프타워)",MetLife Insurance Company of Korea  Ltd.,15,MetLife,157,152,데미언 그린,625,4389,06211,82
152,529,1588-3374,푸르덴셜생명보험 주식회사,02-2144-2100,28,201509,서울특별시 강남구 강남대로 298,The Prudential Life Insurance Company of Korea  Ltd.,0,POK,18,153,커티스 장,501,2068,06253,59
153,684,1588-9898,에이아이에이인터내셔널리미티드 한국지점,02-775-6109,10,201509,서울특별시 중구 통일로 2길 16 (순화동 216) AIA 타워,AIA International Limited Korea Branch,35,AIA Korea,844,154,다니엘 리 코스텔로,674,2237,04511,78
154,784,1588-0058,라이나생명보험(주),02-792-6063,39,201509,서울특별시 종로구 삼봉로 48 (청진동 188) 시그나타워,LINA Life Insurance Company of Korea,22,라이나생명(주),163,155,홍봉성,745,1861,03156,4
155,375,1588-4300,PCA생명보험(주),02-6960-1605,28,201509,서울특별시 강남구 테헤란로 302 피씨에이라이프타워,PCA Life Insurance Co . Ltd,11,PCA생명,55,156,김영진,347,976,06210,37
156,213,1599-4600,에이스생명보험 주식회사,02-2107-4700,14,201509,서울특별시 강남구 삼성로 511 골든타워 5-6층,ACE Life Insurance Company Ltd.,15,에이스생명,18,157,이영호,199,798,06158,27
157,5549,1588-3114,삼성생명보험주식회사,02-2259-7708,67,201506,서울특별시 중구 세종대로 55,Samsung Life Insurance Co. Ltd,39,삼성생명,2008,158,김창수,5482,32453,04513,812
158,4180,1588-1001,교보생명보험주식회사,02-737-9970,44,201506,서울특별시 종로구 종로1(종로1가),KYOBO LIFE INSURANCE CO.LTD,90,교보생명,277,159,신창재,4136,18976,03154,676
159,3832,1588-6363,한화생명보험주식회사,02-784-7217,64,201506,"서울특별시 영등포구 63로 50(여의도동, 한화금융센터 63)",HANWHA LIFE INSURANCE CO.LTD,37,HLI,289,160,차남규(공동대표였던 김연배 대표이사 퇴임),3768,21813,07345,642
160,854,1588-2288,흥국생명보험주식회사,02-2002-7800,17,201506,서울특별시 종로구 새문안로 68,HEUNGKUK LIFE INSURANCE CO. LTD.,2,흥국생명,232,161,김주윤,837,4345,03184,139
161,989,1577-1004,동양생명보험주식회사,02-771-1347,24,201506,서울특별시 종로구 종로33(청진동) 그랑서울,TONGYANG LIFE INSURANCE CO. LTD.,30,,212,162,구한서,965,3633,03159,154
162,1347,1588-0220,미래에셋생명보험주식회사,02-3390-5700,56,201506,"서울특별시 강남구 테헤란로 507(삼성동, 일송빌딩) ",Mirae Asset Life Insurance Co.Ltd.,25,미래에셋생명(Mirae Asset Life),103,163,"최현만, 이상걸, 하만덕",1291,4200,06168,179
163,913,1588-4040,케이디비생명보험주식회사,02-771-7561,19,201506,서울특별시 용산구 한강대로 372KDB생명타워,KDB Life Insurance Co.Ltd,24,KDB생명보험㈜,526,164,안양수,894,3852,04323,175
164,1358,1588-5580,신한생명보험주식회사,02-775-3286,30,201506,서울특별시 중구 청계천로 54,Shinhanlife insurance.co.LTD.,30,신한생명,552,165,이성락,1328,10610,04540,191
165,260,1588-4770,DGB생명보험주식회사,051-465-0581,11,201506,부산광역시 동구 중앙대로 361번길 14 (수정동),DGB Life Insurance Co.Ltd,12,DGB생명,129,166,오익환,249,747,48789,40
166,612,1577-3311,현대라이프생명주식회사,02-3284-7455,20,201506,서울특별시 영등포구 여의나루로 57 현대라이프,Hyundai Life Insurance. Co. Ltd,13,HDLIFE,46,167,이주혁,592,1846,07327,65
167,505,1588-3131,동부생명보험㈜,02-3011-4000,13,201506,서울특별시 강남구 테헤란로 432 동부금융센터,Dongbu Life Insurance Co.Ltd.,17,,215,168,이태운,492,3372,06194,62
168,320,1588-9922,케이비생명보험주식회사,02-398-6842,13,201506,"서울특별시 용산구 청파로40, 2층(한강로3가, 삼구빌딩)",KB Life Insurance Company,7,KB 생명보험,52,169,신용길,307,325,04373,20
169,151,02-3709-7304,하나생명보험주식회사,02-755-0767,7,201506,서울특별시 중구 서소문로 89-31,Hana Life Insurance Co. Ltd.,20,하나생명 (Hana Life),5,170,김인환,144,12,04516,1
170,139,02-2270-1600,아이비케이연금보험주식회사,02-2270-1508,11,201506,"서울특별시 중구 칠패로 37,IBK연금보험(봉래동 1가, HSBC빌딩)",IBK Insurance Co. Ltd,13,IBK연금보험(주),0,171,조희철,128,0,04511,0
171,1003,1544-4000,농협생명보험주식회사,02-3786-7120,9,201506,서울시 서대문구 충정로 60 ,NongHyup Life Insurance Co. Ltd.,1144,NH농협생명,137,172,김용복,994,2134,03740,106
172,60,1566-0999,교보라이프플래닛생명보험 주식회사,02-6020-8096,5,201506,서울특별시 영등포구 국제금융로 6길 11삼덕빌딩 8층,KYOBO LIFEPLANET LIFE INSURANCE COMPANY,0,교보라이프플래닛,0,173,이학상,55,0,07330,1
173,791,1588-5005,ING생명보험(주),02-2200-9939,30,201506,"서울특별시 중구 세종대로 7길 37 (순화동, ING센터)",ING Insurance Korea Ltd,10,,20,174,정문국,761,4983,04511,107
174,179,1688-1118,비엔피파리바카디프생명보험주식회사,02-3788-8899,19,201506,"서울특별시 중구 후암로 110, 3층, 4층 (남대문로 5가)",BNP Paribas Cardif Life Insurance,17,BNP파리바카디프생명,5,175,쟝 크리스토프 다베스,160,0,04637,0
175,1281,1588-6500,알리안츠생명보험 주식회사,02-3787-8787,23,201506,"서울특별시 영등포구 의사당대로 147 (여의도동, 알리안츠 타워)",Allianz Life Insurance CoLtd,25,AZLK,84,176,이명재,1258,3864,07332,247
176,654,1588-9600,메트라이프생명보험(주),02-3469-9700,33,201506,"서울특별시 강남구 테헤란로 316(역삼2동, 메트라이프타워)",MetLife Insurance Company of Korea  Ltd.,14,MetLife,160,177,데미언 그린,621,4661,06211,86
177,523,1588-3374,푸르덴셜생명보험 주식회사,02-2144-2100,27,201506,서울특별시 강남구 강남대로 298,The Prudential Life Insurance Company of Korea  Ltd.,0,POK,18,178,커티스 장,496,2095,06253,60
178,682,1588-9898,에이아이에이인터내셔널리미티드 한국지점,02-775-6109,11,201506,서울특별시 중구 통일로 2길 16 (순화동 216) AIA 타워,AIA International Limited Korea Branch,33,AIA Korea,965,179,다니엘 리 코스텔로,671,2329,04511,81
179,771,1588-0058,라이나생명보험(주),02-792-6063,43,201506,서울특별시 종로구 삼봉로 48 (청진동 188) 시그나타워,LINA Life Insurance Company of Korea,23,라이나생명(주),161,180,홍봉성,728,1777,03156,4
180,376,1588-4300,PCA생명보험(주),02-6960-1605,28,201506,서울특별시 강남구 테헤란로 302 피씨에이라이프타워,PCA Life Insurance Co . Ltd,11,PCA생명,53,181,김영진,348,947,06210,37
181,209,1599-4600,에이스생명보험 주식회사,02-2107-4700,14,201506,서울특별시 강남구 삼성로 511 골든타워 5-6층,ACE Life Insurance Company Ltd.,15,에이스생명,17,182,이영호,195,822,06158,29
182,SUM(J2+K2),02-1588-3114,삼성생명보험주식회사,02-2259-7708,69,201503,서울특별시 중구 세종대로 55(태평로2가),Samsung Life Insurance Co. Ltd,37,삼성생명,1969,183,김창수,5500,31601,100716,821
183,K3+J3,02-1588-1001,교보생명보험주식회사,02-737-9970,45,201503,서울특별시 종로구 종로1(종로1가),KYOBO LIFE INSURANCE CO.LTD,90,교보생명,286,184,신창재,4186,19242,110714,684
184,K4+J4,1588-6363,한화생명보험주식회사,02-784-7217,64,201503,"서울특별시 영등포구 63로 50(여의도동, 한화금융센터)",HANWHA LIFE INSURANCE CO.LTD,36,HLI,302,185,"차남규, 김연배",3782,22108,150763,643
185,K5+J5,02-1588-2288,흥국생명보험주식회사,02-2002-7800,16,201503,서울특별시 종로구 새문안로 68(신문로 1가),HEUNGKUK LIFE INSURANCE CO. LTD.,3,흥국생명,233,186,김주윤,835,4232,110061,139
186,K6+J6,1544-1004,동양생명보험주식회사,771-1347,24,201503,서울특별시 종로구 종로33(청진동) 그랑서울,TONG YANG LIFE INSURANCE CO. LTD.,30,,230,187,구한서,960,3818,100192,163
187,K7+J7,02-1588-0220,미래에셋생명보험주식회사,02-3390-5700,55,201503,"서울특별시 강남구 테헤란로 507(삼성동, 일송빌딩) ",Mirae Asset Life Insurance Co.Ltd.,25,미래에셋생명(Mirae Asset Life),104,188,"최현만, 하만덕, 이상걸",1281,4303,135880,180
188,K8+J8,02-1588-4040,케이디비생명보험주식회사,02-771-7561,19,201503,서울특별시 용산구 한강대로 372(KDB생명타워),KDB Life Insurance Co.Ltd,24,KDB생명보험(주),510,189,안양수,865,3694,140170,173
189,K9+J9,02-1588-5580,신한생명보험주식회사,(02)775-3286,29,201503,서울특별시 중구 청계천로 54(광교빌딩),Shinhanlife insurance.co.LTD.,28,신한생명,582,190,이성락,1319,10214,100757,194
190,K10+J10,02-1588-4770,DGB생명보험주식회사,"051) 461-0581, 02) 2087-9329",11,201503,서울특별시 서대문구 충정로 29(충정로3가),DGB Life Insurance Co.Ltd,12,DGB생명,150,191,오익환,243,831,601716,39
191,K11+J11,02-1577-3311,현대라이프생명주식회사,3284-7455,20,201503,서울특별시 영등포구 여의나루로 57 현대라이프,Hyundai Life Insurance. Co. Ltd,14,HDLIFE,50,192,이주혁,600,1740,150711,64
192,K12+J12,1588-3131,동부생명보험(주),3011-4000,13,201503,서울특별시 강남구 테헤란로 432 동부금융센타,Dongbu Life Insurance Co.Ltd.,16,,240,193,이태운,484,3295,135840,61
193,K13+J13,02-1588-9922,케이비생명보험주식회사,02-398-6842,13,201503,서울특별시 용산구 청파로40(삼구빌딩2층) 한강로3가,KB Life Insurance Company,7,KB 생명보험,49,194,신용길,301,379,140712,22
194,K14+J14,02-3709-7304,하나생명보험주식회사,02-755-0767,7,201503,서울특별시 중구 서소문로 89-31,Hana Life Insurance Co. Ltd.,18,하나생명 (Hana Life),6,195,김인환,147,18,100732,2
195,K15+J15,02-2270-1600,아이비케이연금보험주식회사,02-2270-1508,8,201503,"서울특별시 중구 칠패로 37(봉래동 1가, HSBC빌딩)",IBK Insurance Co. Ltd,12,IBK연금보험(주),0,196,조희철,122,0,100161,0
196,K16+J16,1544-4000,농협생명보험주식회사,2080-3042,10,201503,서울시 서대문구 충정로 60 KT;G 빌딩 14층,NongHyup Life Insurance Co. Ltd.,1150,NH농협생명,133,197,김용복,998,2138,100707,104
197,K17+J17,02-1566-0999,교보라이프플래닛생명보험 주식회사,02-6020-8096,5,201503,서울특별시 영등포구 국제금융로 6길 11삼덕빌딩 8층,KYOBO LIFEPLANET LIFE INSURANCE COMPANY,0,교보라이프플래닛,0,198,이학상,55,0,150884,1
198,K18+J18,02-1688-1118,비엔피파리바카디프생명보험주식회사,02-3788-8899,19,201503,서울특별시 중구 후암로 110서울시티타워 4층 (남대문로 5가),BNP Paribas Cardif Life Insurance,17,BNP파리바카디프생명,5,199,쟝 크리스토프 다베스,156,0,100803,0
199,K19+J19,1588-6500,알리안츠생명보험 주식회사,02-3787-8787,24,201503,서울특별시 영등포구 의사당대로 147 (알리안츠 타워),Allianz Life Insurance CoLtd,24,AZLK,78,200,이명재,1273,3962,150978,247
200,K20+J20,02-1588-5005,ING생명보험(주),02-2200-9939,31,201503,서울특별시 중구 세종대로 7길 37 ING센터(순화동),ING Insurance Korea Ltd,9,,13,201,정문국,768,4927,100883,112
201,K21+J21,02-1588-9600,메트라이프생명보험(주),02-3469-9700,33,201503,서울특별시 강남구 테헤란로 316(메트라이프 타워),MetLife Insurance Company of Korea  Ltd.,14,MetLife,159,202,데미언 그린,622,4866,135918,87
202,K22+J22,02-1588-3374,푸르덴셜생명보험 주식회사,02-2144-2100,25,201503,서울특별시 강남구 강남대로 298 (푸르덴셜 타워),The Prudential Life Insurance Company of Korea  Ltd.,0,POK,16,203,커티스 장,484,2085,135982,60
203,K23+J23,02-1588-9898,에이아이에이인터내셔널리미티드 한국지점,02-775-6109,12,201503,서울특별시 중구 통일로 2길 16 (순화동 216) AIA 타워,AIA International Limited Korea Branch,33,AIA Korea,1065,204,다니엘 리 코스텔로,688,2501,100012,85
204,K24+J24,02-1588-0058,라이나생명보험(주),02-792-6063,43,201503,서울시 종로구 삼봉로 48번지 시그나타워,LINA Life Insurance Company of Korea,23,라이나생명(주),157,205,홍봉성,668,1644,110130,4
205,K25+J25,02-1588-4300,PCA생명보험(주),02-6960-1605,26,201503,서울특별시 강남구 테헤란로 302 피씨에이라이프타워,PCA Life Insurance Co . Ltd,11,PCA생명,51,206,김영진,354,918,135080,37
206,K26+J26,02-1599-4600,에이스생명보험 주식회사,02-2107-4700,14,201503,서울시 강남구 삼성동 삼성로 511 골든타워,ACE Life Insurance Company Ltd.,15,에이스생명,11,207,이영호,195,819,135100,31
207,SUM(J2+K2),02-2259-7800,삼성생명보험주식회사,02-2259-7708,68,201412,서울특별시 중구 세종대로 55(태평로2가),Samsung Life Insurance Co. Ltd,37,삼성생명,1903,208,김창수,5481,29821,100716,825
208,K3+J3,02-721-2121,교보생명보험주식회사,02-737-9970,43,201412,서울특별시 종로구 종로1(종로1가),KYOBO LIFE INSURANCE CO.LTD,93,교보생명,296,209,신창재,4226,19857,110714,684
209,K4+J4,1588-6363,한화생명보험주식회사,02-784-7217,68,201412,"서울특별시 영등포구 63로 50(여의도동, 한화금융센터)",HANWHA LIFE INSURANCE CO.LTD,36,HLI,738,210,"차남규, 김연배",4331,22546,150763,663
210,K5+J5,02-1588-2288,흥국생명보험주식회사,02-2002-7800,21,201412,서울특별시 종로구 새문안로 68(신문로 1가),HEUNGKUK LIFE INSURANCE CO. LTD.,3,흥국생명,224,211,김주윤,853,4254,110061,144
211,K6+J6,1577-1004,동양생명보험주식회사,771-1347,24,201412,서울특별시 종로구 종로33(청진동) 그랑서울,TONG YANG LIFE INSURANCE CO. LTD.,30,,223,212,구한서,950,3773,100192,162
212,K7+J7,02-1588-0220,미래에셋생명보험주식회사,02-3390-5700,55,201412,"서울특별시 강남구 테헤란로 507(삼성동, 일송빌딩) ",Mirae Asset Life Insurance Co.Ltd.,26,미래에셋생명(Mirae Asset Life),114,213,"최현만, 하만덕, 이상걸",1262,4468,135880,182
213,K8+J8,02-6303-5000,케이디비생명보험주식회사,02-771-7561,20,201412,서울특별시 용산구 한강대로 372(KDB생명타워),KDB Life Insurance Co.Ltd,23,KDB생명보험(주),505,214,안양수(2015.3월말 기준),864,3807,140170,169
214,K9+J9,02-1588-5580,신한생명보험주식회사,(02)775-3286,30,201412,서울특별시 중구 청계천로 54(광교빌딩),Shinhanlife insurance.co.LTD.,27,신한생명,628,215,이성락,1315,10221,100757,196
215,K10+J10,02-1588-4770,DGB생명보험주식회사,"051) 461-0581, 02) 2087-9329",8,201412,서울특별시 서대문구 충정로 29(충정로3가),DGB Life Insurance Co.Ltd,12,DGB생명,152,216,오익환(2015.3월말 기준),238,864,601716,38
216,K11+J11,02-1577-3311,현대라이프생명주식회사,3284-7455,21,201412,서울특별시 영등포구 여의나루로 57 현대라이프,Hyundai Life Insurance. Co. Ltd,14,HDLIFE,10,217,이주혁,609,1651,150711,65
217,K12+J12,1588-3131,동부생명보험(주),3011-4000,15,201412,서울특별시 강남구 테헤란로 432 동부금융센타,Dongbu Life Insurance Co.Ltd.,16,,233,218,이태운,478,3307,135840,62
218,K13+J13,02-1588-9922,케이비생명보험주식회사,02-398-6842,13,201412,서울특별시 용산구 청파로40(삼구빌딩2층) 한강로3가,KB Life Insurance Company,7,KB 생명보험,44,219,신용길(`15.3월말 기준),290,427,140712,20
219,K14+J14,02-3709-7304,하나생명보험주식회사,02-755-0767,6,201412,서울특별시 중구 서소문로 89-31,Hana Life Insurance Co. Ltd.,21,하나생명 (Hana Life),35,220,김인환,148,27,100732,3
220,K15+J15,02-2270-1600,아이비케이연금보험주식회사,02-2270-1508,8,201412,"서울특별시 중구 칠패로 37(봉래동 1가, HSBC빌딩)",IBK Insurance Co. Ltd,12,IBK연금보험(주),0,221,조희철,119,0,100161,0
221,K16+J16,1544-4000,농협생명보험주식회사,2080-3042,9,201412,서울시 서대문구 충정로 60 KT&apos;G 빌딩 14층,NongHyup Life Insurance Co. Ltd.,1164,NH농협생명,117,222,김용복(2015.3월말 기준),993,2488,100707,95
222,K17+J17,02-1566-0999,교보라이프플래닛생명보험 주식회사,02-6020-8096,5,201412,서울특별시 영등포구 국제금융로 6길 11삼덕빌딩 8층,KYOBO LIFEPLANET LIFE INSURANCE COMPANY,0,교보라이프플래닛,0,223,이학상,52,0,150884,1
223,K18+J18,02-1688-1118,비엔피파리바카디프생명보험주식회사,02-3788-8899,18,201412,서울특별시 중구 후암로 110서울시티타워 4층 (남대문로 5가),BNP Paribas Cardif Life Insurance,17,BNP파리바카디프생명,4,224,쟝 크리스토프 다베스,154,0,100803,0
224,K19+J19,02-3787-7000,알리안츠생명보험 주식회사,02-3787-8787,23,201412,서울특별시 영등포구 의사당대로 147 (알리안츠 타워),Allianz Life Insurance CoLtd,24,AZLK,82,225,이명재,1282,4239,150978,265
225,K20+J20,02-1588-5005,ING생명보험(주),02-2200-9939,31,201412,서울특별시 중구 세종대로 7길 37 ING센터(순화동),ING Insurance Korea Ltd,9,,10,226,정문국,773,5295,100883,112
226,K21+J21,02-1588-9600,메트라이프생명보험(주),02-3469-9700,33,201412,서울특별시 강남구 테헤란로 316(메트라이프 타워),MetLife Insurance Company of Korea  Ltd.,14,MetLife,162,227,데미안 그린,633,5066,135918,89
227,K22+J22,02-2144-2000,푸르덴셜생명보험 주식회사,02-2144-2100,25,201412,서울특별시 강남구 강남대로 298 (푸르덴셜 타워),The Prudential Life Insurance Company of Korea  Ltd.,0,POK,13,228,손병옥,473,2112,135982,59
228,K23+J23,02-1588-9898,에이아이에이인터내셔널리미티드 한국지점,02-775-6109,12,201412,서울특별시 중구 통일로 2길 16 (순화동 216) AIA 타워,AIA International Limited Korea Branch,33,AIA Korea,1130,229,다니엘 리 코스텔로,690,2614,100012,89
229,K24+J24,02-1588-0058,라이나생명보험(주),02-792-6063,41,201412,서울시 종로구 삼봉로 48번지 시그나타워,LINA Life Insurance Company of Korea,17,라이나생명(주),153,230,홍봉성,652,1681,110130,4
230,K25+J25,02-1588-4300,PCA생명보험(주),02-6960-1605,27,201412,서울특별시 강남구 테헤란로 302 피씨에이라이프타워,PCA Life Insurance Co . Ltd,11,PCA생명,49,231,김영진,355,901,135080,41
231,K26+J26,02-1599-4600,에이스생명보험 주식회사,02-2107-4700,12,201412,서울시 강남구 청담동 영동대로 731 신영빌딩,ACE Life Insurance Company Ltd.,15,에이스생명,4,232,이영호,244,914,135100,29
232,164,222701600,아이비케이연금보험주식회사,222701508,13,201809,서울시 중구 칠패로 37(봉래동 1가 HSBC빌딩 1819층),IBK Insurance Co. Ltd,17,IBK연금보험㈜,99,233,장주성,151,0,100161,0
233,1094,15444000,농협생명보험주식회사,237867120,15,201809,서울 서대문구 통일로 87(미근동),"NongHyup Life Insurance Co.,Ltd",1140,NH농협생명,127,234,서기봉,1079,2349,3739,101
234,94,260208000,교보라이프플래닛생명보험 주식회사,260208096,6,201809,서울특별시 영등포구 국제금융로 6길 11 8층 (여의도동 삼덕빌딩),KYOBO LIFEPLANET LIFE INSURANCE COMPANY,6,교보라이프플래닛,0,235,이존학상,88,0,150884,1
235,780,222009114,오렌지라이프생명보험(주),222009939,31,201809,서울특별시 중구 세종대로7길 37,Orange Life Insurance Ltd.,13,,79,236,정문국,749,5412,4511,110
236,190,237888800,비엔피파리바카디프생명보험주식회사,237888899,18,201809,서울 중구 남대문로 5가 581 서울 시티타워 4층,BNP Paribas Cardif Life Insurance,17,BNP파리바카디프생명,13,237,브누아 메슬레,172,0,100803,1
237,931,237877000,에이비엘생명보험 주식회사,237878787,21,201809,서울시 영등포구 여의도동 4521(에이비엘 타워),ABL Life Insurance CoLtd,24,ABL,91,238,순레이,910,3069,150978,146
238,592,234699600,메트라이프생명보험(주),234699700,29,201809,서울 강남구 테헤란로 316 (역삼동 메트라이프타워),MetLife Insurance Company of Korea  Ltd.,15,MetLife,130,239,데미언 그린,563,3421,6211,122
239,539,221442000,푸르덴셜생명보험 주식회사,221442100,31,201809,서울 강남구 역삼동 838 푸르덴셜 타워,The Prudential Life Insurance Company of Korea  Ltd.,0,POK,45,240,커티스 장,508,1826,135982,63
240,591,237074761,에이아이에이생명보험 주식회사,27756109,35,201809,서울 중구 통일로 2길 16 AIA TOWER,AIA Life Insurance Co. Ltd.,34,AIA생명,463,241,차태진,556,1517,4511,39
241,847,237811000,라이나생명보험(주),27926063,36,201809,서울시 종로구 삼봉로 48번지 시그나타워,LINA Life Insurance Company of Korea,24,라이나생명㈜,205,242,홍봉성,811,858,110130,11
242,183,21074600,처브라이프생명보험주식회사,21074700,10,201809,서울특별시 강남구 테헤란로 322 23층 동관(역삼동 한신인터밸리24빌딩),Chubb Life Insurance Korea Co. Ltd,15,처브라이프생명,55,243,이영호,173,541,6211,63
243,5313,215883114,삼성생명보험주식회사,,70,201812,서울특별시 서초구 서초대로74길 11,Samsung Life Insurance Co. Ltd,43,삼성생명,2728,244,현성철,5243,36240,6620,716
244,3839,72121213131,교보생명보험주식회사,7379970,41,201812,서울 종로구 종로 1,KYOBO LIFE INSURANCE CO.LTD,89,교보생명,167,245,신창재,3798,15656,3154,615
245,3937,15886363,한화생명보험주식회사,27847217,56,201812,서울시 영등포구 63로 50,HANWHA LIFE INSURANCE CO.LTD,44,HLI,211,246,차남규,3881,18054,150763,629
246,642,220027000,흥국생명보험회사,220027800,25,201812,서울시 종로구 새문안로68,HEUNGKUK LIFE INSURANCE CO. LTD.,39,흥국생명,213,247,조병익,617,1814,3184,75
247,1032,15771004,동양생명보험주식회사,7711347,20,201812,서울시 종로구 청진동 70,TONG YANG LIFE INSURANCE CO.LTD.,38,,145,248,뤄젠룽,1012,3200,3159,134
248,1085,215880220,미래에셋생명보험주식회사,233905700,44,201812,서울특별시 영등포구 국제금율로 56(여의도동 미래에셋대우빌딩),Mirae Asset Life Insurance Co.Ltd.,24,미래에셋생명(Mirae Asset Life),85,249,하만덕 김재식,1041,3637,7330,109
249,651,263035000,케이디비생명보험주식회사,27717561,9,201812,서울시 용산구 한강대로 372 KDB생명타워,KDB Life Insurance Co.Ltd,32,KDB생명보험㈜,606,250,정재욱,642,1991,4323,102
250,1290,,신한생명보험주식회사,27751950,17,201812,서울특별시 중구 삼일대로 358(을지로 2가),Shinhanlife insurance.co.LTD.,32,신한생명,354,251,이병찬,1273,7347,4542,162
251,277,220879301,DGB생명보험주식회사,220879329,8,201812,부산광역시 동구 중앙대로361번길 14 1층(수정동),DGB life Insurance Co.Ltd,13,DGB생명,65,252,김경환,269,701,48789,38
252,316,69405350,푸본현대생명보험주식회사,32847455,21,201812,서울특별시 영등포구 여의나루로 57 (여의도동 신송센터),Fubon Hyundai Life Insurance Co.Ltd.,13,FHL,31,253,이재원,295,406,7327,14
253,563,15883131,DB생명보험(주),30114000,16,201812,서울 강남구 테헤란로 432 DB금융센터 7층,DB life Insurance Co.Ltd.,18,,155,254,이태운,547,3208,6194,66
254,350,23986800,케이비생명보험주식회사,23986842,15,201812,서울시 영등포구 국제금융로2길 28,KB Life Insurance Company,12,KB 생명보험,248,255,허정수,335,627,7325,23
255,164,237097300,하나생명보험주식회사,237098688,6,201812,서울특별시 중구 을지로 66,Hana Life Insurance Co. Ltd.,28,하나생명 (Hana Life),1,256,주재중,158,38,4538,3
256,160,222701600,아이비케이연금보험주식회사,222701508,14,201812,서울시 중구 칠패로 37(봉래동 1가 HSBC빌딩 1819층),IBK Insurance Co. Ltd,17,IBK연금보험㈜,100,257,장주성,146,0,100161,0
257,1093,15444000,농협생명보험주식회사,237867120,15,201812,서울 서대문구 통일로 87(미근동),"NongHyup Life Insurance Co.,Ltd",1139,NH농협생명,123,258,서기봉,1078,2156,3739,101
258,96,260208000,교보라이프플래닛생명보험 주식회사,260208096,6,201812,서울특별시 영등포구 국제금융로 6길 11 8층 (여의도동 삼덕빌딩),KYOBO LIFEPLANET LIFE INSURANCE COMPANY,7,교보라이프플래닛,0,259,이존학상,90,0,150884,1
259,781,222009114,오렌지라이프생명보험(주),222009939,31,201812,서울특별시 중구 세종대로7길 37,Orange Life Insurance Ltd.,13,,78,260,정문국,750,5191,4511,114
260,185,237888800,비엔피파리바카디프생명보험주식회사,237888899,17,201812,서울 중구 남대문로 5가 581 서울 시티타워 4층,BNP Paribas Cardif Life Insurance,17,BNP파리바카디프생명,13,261,브누아 메슬레,168,0,100803,1
261,907,237877000,에이비엘생명보험 주식회사,237878787,20,201812,서울시 영등포구 여의도동 4521(에이비엘 타워),ABL Life Insurance CoLtd,23,ABL,80,262,순레이,887,3002,150978,144
262,589,234699600,메트라이프생명보험(주),234699700,30,201812,서울 강남구 테헤란로 316 (역삼동 메트라이프타워),MetLife Insurance Company of Korea  Ltd.,15,MetLife,124,263,송영록,559,3252,6211,123
263,544,221442000,푸르덴셜생명보험 주식회사,221442100,31,201812,서울 강남구 역삼동 838 푸르덴셜 타워,The Prudential Life Insurance Company of Korea  Ltd.,0,POK,49,264,커티스 장,513,1913,135982,63
264,595,237074761,에이아이에이생명보험 주식회사,27756109,39,201812,서울 중구 통일로 2길 16 AIA TOWER,AIA Life Insurance Co. Ltd.,34,AIA생명,411,265,차태진,556,1435,4511,34
265,859,237811000,라이나생명보험(주),27926063,39,201812,서울시 종로구 삼봉로 48번지 시그나타워,LINA Life Insurance Company of Korea,24,라이나생명㈜,196,266,홍봉성,820,859,110130,10
266,176,21074600,처브라이프생명보험주식회사,21074700,10,201812,서울특별시 강남구 테헤란로 322 23층 동관(역삼동 한신인터밸리24빌딩),Chubb Life Insurance Korea Co. Ltd,17,처브라이프생명,56,267,이영호,166,470,6211,42
267,5308,215883114,삼성생명보험주식회사,,67,201903,서울특별시 서초구 서초대로74길 11,Samsung Life Insurance Co. Ltd,31,삼성생명,2712,268,현성철,5241,37913,6620,717
268,3888,72121213131,교보생명보험주식회사,7379970,43,201903,서울 종로구 종로 1,KYOBO LIFE INSURANCE CO.LTD,92,교보생명,162,269,신창재,3845,14870,3154,613
269,3946,15886363,한화생명보험주식회사,27847217,60,201903,서울시 영등포구 63로 50,HANWHA LIFE INSURANCE CO.LTD,47,HLI,192,270,"차남규, 여승주",3886,17904,150763,629
270,638,220027000,흥국생명보험회사,220027800,25,201903,서울시 종로구 새문안로68,HEUNGKUK LIFE INSURANCE CO. LTD.,0,흥국생명,0,271,조병익,613,1792,3184,75
271,1012,15771004,동양생명보험주식회사,7711347,20,201903,서울시 종로구 청진동 70,TONG YANG LIFE INSURANCE CO.LTD.,38,,144,272,뤄젠룽,992,3058,3159,133
272,1058,215880220,미래에셋생명보험주식회사,233905700,43,201903,서울특별시 영등포구 국제금율로 56(여의도동 미래에셋대우빌딩),Mirae Asset Life Insurance Co.Ltd.,24,미래에셋생명(Mirae Asset Life),85,273,하만덕 김재식,1015,3531,7330,52
273,670,263035000,케이디비생명보험주식회사,27717561,18,201903,서울시 용산구 한강대로 372 KDB생명타워,KDB Life Insurance Co.Ltd,32,KDB생명보험㈜,608,274,정재욱,652,1761,4323,93
274,1256,,신한생명보험주식회사,27751950,16,201903,서울특별시 중구 삼일대로 358(을지로 2가),Shinhanlife insurance.co.LTD.,32,신한생명,347,275,성대규,1240,6998,4542,144
275,280,220879301,DGB생명보험주식회사,220879329,8,201903,부산광역시 동구 중앙대로361번길 14 1층(수정동),DGB life Insurance Co.Ltd,13,DGB생명,64,276,민기식,272,616,48789,33
276,334,69405350,푸본현대생명보험주식회사,32847455,19,201903,서울특별시 영등포구 여의나루로 57 (여의도동 신송센터),Fubon Hyundai Life Insurance Co.Ltd.,13,FHL,31,277,이재원,315,466,7327,13
277,582,15883131,DB생명보험(주),30114000,18,201903,서울 강남구 테헤란로 432 DB금융센터 7층,DB life Insurance Co.Ltd.,18,,154,278,이태운,564,3545,6194,67
278,350,23986800,케이비생명보험주식회사,23986842,14,201903,서울시 영등포구 국제금융로2길 28,KB Life Insurance Company,12,KB 생명보험,252,279,허정수,336,580,7325,17
279,166,237097300,하나생명보험주식회사,237098688,11,201903,서울특별시 중구 을지로 66,Hana Life Insurance Co. Ltd.,32,하나생명 (Hana Life),1,280,주재중,155,45,4538,3
280,167,222701600,아이비케이연금보험주식회사,222701508,15,201903,서울시 중구 칠패로 37(봉래동 1가 HSBC빌딩 1819층),IBK Insurance Co. Ltd,17,IBK연금보험㈜,105,281,장주성,152,0,100161,0
281,1075,15444000,농협생명보험주식회사,237867120,14,201903,서울 서대문구 통일로 87(미근동),"NongHyup Life Insurance Co.,Ltd",1136,NH농협생명,128,282,홍재은,1061,2016,3739,97
282,97,260208000,교보라이프플래닛생명보험 주식회사,260208096,6,201903,서울특별시 영등포구 국제금융로 6길 11 8층 (여의도동 삼덕빌딩),KYOBO LIFEPLANET LIFE INSURANCE COMPANY,7,교보라이프플래닛,1,283,이존학상,91,0,7330,1
283,777,222009114,오렌지라이프생명보험(주),222009939,30,201903,서울특별시 중구 세종대로7길 37,Orange Life Insurance Ltd.,13,,82,284,정문국,747,5015,4511,112
284,192,237888800,비엔피파리바카디프생명보험주식회사,237888899,17,201903,서울 중구 남대문로 5가 581 서울 시티타워 4층,BNP Paribas Cardif Life Insurance,18,BNP파리바카디프생명,13,285,브누아 메슬레,175,0,100803,1
285,907,237877000,에이비엘생명보험 주식회사,237878787,21,201903,서울시 영등포구 여의도동 4521(에이비엘 타워),ABL Life Insurance CoLtd,23,ABL,80,286,순레이,886,2468,150978,111
286,5268,1588-3114,삼성생명보험주식회사,,68,201712,서울특별시 서초구 서초대로74길 11,Samsung Life Insurance Co. Ltd,41,삼성생명,2683,287,현성철(&apos;18.3월 선임),5200,25519,06620,708
287,3758,1588-1001,교보생명보험주식회사,02-737-9970,45,201712,서울특별시 종로구 종로 1,KYOBO LIFE INSURANCE CO.LTD,85,교보생명,195,288,신창재,3713,17348,03154,647
288,3835,1588-6363,한화생명보험주식회사,02-784-7217,57,201712,"서울특별시 영등포구 63로 50(여의도동, 63 한화생명빌딩)",HANWHA LIFE INSURANCE CO.LTD,40,HLI,258,289,차남규,3778,19085,07345,655
289,626,1588-2288,흥국생명보험주식회사,02-2002-7800,26,201712,서울특별시 종로구 새문안로 68,HEUNGKUK LIFE INSURANCE CO. LTD.,35,흥국생명,214,290,조병익,600,1985,03184,78
290,1024,1588-0220,미래에셋생명보험주식회사,02-3390-5700,41,201712,서울특별시 영등포구 국제금융로 56(여의도동 미래에셋대우빌딩),Mirae Asset Life Insurance Co.Ltd.,24,미래에셋생명(Mirae Asset Life),92,291,"김재식, 하만덕(&apos;18.3월 공동대표 선임)",983,3638,07330,142
291,647,1588-4040,케이디비생명보험주식회사,02-771-7561,10,201712,서울특별시 용산구 한강대로 372KDB생명타워,KDB Life Insurance Co.Ltd,27,KDB생명보험(주),595,292,정재욱(&apos;18.2월 선임),637,2463,04323,105
292,1295,1588-5580,신한생명보험주식회사,02-775-3286,19,201712,서울특별시 중구 삼일대로 358(을지로 2가),Shinhanlife insurance.co.LTD.,33,신한생명,372,293,이병찬,1276,8536,04542,181
293,289,1588-4770,DGB생명보험주식회사,051-465-0581,10,201712,부산광역시 동구 중앙대로 361번길 14 (수정동),DGB Life Insurance Co.Ltd,11,DGB생명,56,294,김경환(&apos;18.1월 선임),279,811,48789,41
294,329,1577-3311,현대라이프생명주식회사,02-3284-7455,18,201712,서울특별시 영등포구 여의나루로 57 ,Hyundai Life Insurance. Co. Ltd,14,HDLIFE,31,295,이재원,311,1006,07327,17
295,574,1588-3131,DB생명보험㈜,02-3011-4000,19,201712,서울특별시 강남구 테헤란로 432 DB금융센터 7층,DB Life Insurance Co.Ltd.,18,,161,296,이태운,555,1826,06194,68
296,362,1588-9922,케이비생명보험주식회사,02-398-6842,13,201712,"서울특별시 영등포구 국제금융로 2길 28 KB금융타워 2층, 15~20층",KB Life Insurance Company,10,KB 생명보험,242,297,허정수 (&apos;18.1월 선임),349,544,07325,35
297,163,02-3709-7304,하나생명보험주식회사,02-755-0767,6,201712,서울특별시 중구 을지로 66,Hana Life Insurance Co. Ltd.,24,하나생명 (Hana Life),2,298,주재중(&apos;18.3월 선임),157,23,04538,3
298,152,02-2270-1600,아이비케이연금보험주식회사,02-2270-1508,9,201712,"서울특별시 중구 칠패로 37,IBK연금보험(봉래동 1가, HSBC빌딩)",IBK Insurance Co. Ltd,17,IBK연금보험(주),90,299,장주성,143,0,04511,0
299,1085,1544-4000,농협생명보험주식회사,02-3786-7120,13,201712,서울특별시 서대문구 통일로 87 ,NongHyup Life Insurance Co. Ltd.,1146,NH농협생명,125,300,서기봉,1072,2520,03739,106
300,97,1566-0999,교보라이프플래닛생명보험 주식회사,02-6020-8096,6,201712,서울특별시 영등포구 국제금융로 6길 11삼덕빌딩 8층,KYOBO LIFEPLANET LIFE INSURANCE COMPANY,5,교보라이프플래닛,0,301,이학상,91,0,07330,1
301,761,1588-5005,ING생명보험(주),02-2200-9939,31,201712,"서울특별시 중구 세종대로 7길 37 (순화동, ING센터)",ING Insurance Korea Ltd,13,,74,302,정문국,730,5400,04511,103
302,1002,1577-1004,동양생명보험주식회사,02-771-1347,23,201712,서울특별시 종로구 종로33(청진동) 그랑서울,TONG YANG LIFE INSURANCE CO.LTD.,34,,163,303,뤄젠룽 (&apos;18.3월 단독대표 선임),979,3266,03159,135
303,175,1688-1118,비엔피파리바카디프생명보험주식회사,02-3788-8899,16,201712,"서울특별시 중구 후암로 110, 3층, 4층 (남대문로 5가)",BNP Paribas Cardif Life Insurance,17,BNP파리바카디프생명,6,304,브누아 메슬레,159,0,04637,1
304,941,1588-6500,에이비엘생명보험 주식회사,02-3787-8787,23,201712,"서울특별시 영등포구 의사당대로 147 (여의도동, ABL타워)",ABL Life Insurance CoLtd,23,ABL,90,305,순레이,918,3074,07332,149
305,593,1588-9600,메트라이프생명보험(주),02-3469-9700,29,201712,서울특별시 강남구 테헤란로 316 (역삼동 메트라이프타워),MetLife Insurance Company of Korea  Ltd.,15,MetLife,143,306,데미언 그린,564,3725,06211,121
306,528,1588-3374,푸르덴셜생명보험 주식회사,02-2144-2100,30,201712,서울특별시 강남구 강남대로 298,The Prudential Life Insurance Company of Korea  Ltd.,0,POK,40,307,커티스 장,498,1893,06253,58
307,578,1588-9898,에이아이에이 생명보험 주식회사(&apos;18.1월 법인전환),02-775-6109,34,201712,서울특별시 중구 통일로 2길 16 (순화동 216) AIA 타워,AIA Life Insurance Co. Ltd.,33,AIA Korea,493,308,차태진,544,1718,04511,44
308,842,1588-0058,라이나생명보험(주),02-792-6063,33,201712,서울특별시 종로구 삼봉로 48 (청진동 188) 시그나타워,LINA Life Insurance Company of Korea,22,라이나생명(주),231,309,홍봉성,809,943,03156,15
309,297,1588-4300,PCA생명보험㈜ (&apos;18.3월 미래에셋생명과 합병),02-6960-1605,18,201712,"서울 영등포구 국제 금융로 56, 9층(여의도동, 미래에셋대우빌딩)",PCA Life Insurance Co . Ltd,10,PCA생명,44,310,하만덕,279,991,07330,37
310,187,1599-4600,처브라이프생명보험 주식회사,02-2107-4700,11,201712,서울특별시 강남구 삼성로 511 골든타워 5-6층,Chubb Life Insurance Korea Co. Ltd,15,처브라이프생명,50,311,이영호,176,723,06158,38
311,5325,1588-3114,삼성생명보험주식회사,,68,201803,서울특별시 서초구 서초대로74길 11,Samsung Life Insurance Co. Ltd,43,삼성생명,2680,312,현성철,5257,25640,06620,711
312,3874,1588-1001,교보생명보험주식회사,02-737-9970,39,201803,서울특별시 종로구 종로 1,KYOBO LIFE INSURANCE CO.LTD,89,교보생명,186,313,신창재,3835,17045,03154,636
313,3887,1588-6363,한화생명보험주식회사,02-784-7217,56,201803,"서울특별시 영등포구 63로 50(여의도동, 63 한화생명빌딩)",HANWHA LIFE INSURANCE CO.LTD,44,HLI,244,314,차남규,3831,18388,07345,644
314,642,1588-2288,흥국생명보험주식회사,02-2002-7800,24,201803,서울특별시 종로구 새문안로 68,HEUNGKUK LIFE INSURANCE CO. LTD.,39,흥국생명,212,315,조병익,618,1851,03184,77
315,1265,1588-0220,미래에셋생명보험주식회사,02-3390-5700,40,201803,서울특별시 영등포구 국제금융로 56(여의도동 미래에셋대우빌딩),Mirae Asset Life Insurance Co.Ltd.,24,미래에셋생명(Mirae Asset Life),100,316,"김재식, 하만덕",1225,4415,07330,130
316,623,1588-4040,케이디비생명보험주식회사,02-771-7561,9,201803,서울특별시 용산구 한강대로 372KDB생명타워,KDB Life Insurance Co.Ltd,27,KDB생명보험(주),599,317,정재욱,614,2236,04323,105
317,1293,1588-5580,신한생명보험주식회사,02-775-3286,17,201803,서울특별시 중구 삼일대로 358(을지로 2가),Shinhanlife insurance.co.LTD.,32,신한생명,370,318,이병찬,1276,8181,04542,167
318,291,1588-4770,DGB생명보험주식회사,051-465-0581,10,201803,부산광역시 동구 중앙대로 361번길 14 (수정동),DGB Life Insurance Co.Ltd,11,DGB생명,56,319,김경환,281,814,48789,41
319,306,1577-3311,현대라이프생명주식회사,02-3284-7455,18,201803,서울특별시 영등포구 여의나루로 57 ,Hyundai Life Insurance. Co. Ltd,14,HDLIFE,31,320,이재원,288,955,07327,15
320,581,1588-3131,DB생명보험㈜,02-3011-4000,17,201803,서울특별시 강남구 테헤란로 432 DB금융센터 7층,DB Life Insurance Co.Ltd.,18,,160,321,이태운,564,1743,06194,67
321,372,1588-9922,케이비생명보험주식회사,02-398-6842,15,201803,"서울특별시 영등포구 국제금융로 2길 28 KB금융타워 2층, 15~20층",KB Life Insurance Company,10,KB 생명보험,246,322,허정수,357,474,07325,34
322,856,1588-0058,라이나생명보험(주),02-792-6063,34,201709,서울특별시 종로구 삼봉로 48 (청진동 188) 시그나타워,LINA Life Insurance Company of Korea,22,라이나생명(주),234,323,홍봉성,822,1023,03156,15
323,308,1588-4300,PCA생명보험(주),02-6960-1605,18,201709,"서울 영등포구 국제 금융로 56, 9층(여의도동, 미래에셋대우빌딩)",PCA Life Insurance Co . Ltd,11,PCA생명,46,324,하만덕,290,1124,07330,36
324,193,1599-4600,처브라이프생명보험 주식회사,02-2107-4700,11,201709,서울특별시 강남구 삼성로 511 골든타워 5-6층,Chubb Life Insurance Korea Co. Ltd,15,처브라이프생명,46,325,이영호,182,808,06158,42
325,5293,1588-3114,삼성생명보험주식회사,02-2259-7708,69,201706,서울특별시 서초구 서초대로74길 11,Samsung Life Insurance Co. Ltd,40,삼성생명,2661,326,김창수,5224,25572,06620,726
326,3757,1588-1001,교보생명보험주식회사,02-737-9970,45,201706,서울특별시 종로구 종로1(종로1가),KYOBO LIFE INSURANCE CO.LTD,86,교보생명,203,327,신창재,3712,17474,03154,666
327,3812,1588-6363,한화생명보험주식회사,02-784-7217,62,201706,"서울특별시 영등포구 63로 50(여의도동, 63 한화생명빌딩)",HANWHA LIFE INSURANCE CO.LTD,39,HLI,261,328,차남규,3750,19582,07345,655
328,676,1588-2288,흥국생명보험주식회사,02-2002-7800,23,201706,서울특별시 종로구 새문안로 68,HEUNGKUK LIFE INSURANCE CO. LTD.,35,흥국생명,231,329,조병익,653,2308,03184,79
329,1052,1588-0220,미래에셋생명보험주식회사,02-3390-5700,43,201706,서울특별시 영등포구 국제금융로 56,Mirae Asset Life Insurance Co.Ltd.,24,미래에셋생명(Mirae Asset Life),101,330,김재식,1009,4104,07330,163
330,908,1588-4040,케이디비생명보험주식회사,02-771-7561,14,201706,서울특별시 용산구 한강대로 372KDB생명타워,KDB Life Insurance Co.Ltd,27,KDB생명보험㈜,611,331,안양수,894,3414,04323,179
331,1298,1588-5580,신한생명보험주식회사,02-775-3286,17,201706,서울특별시 중구 삼일대로 358(을지로2가),Shinhanlife insurance.co.LTD.,33,신한생명,387,332,이병찬,1281,8982,04542,185
332,288,1588-4770,DGB생명보험주식회사,051-465-0581,12,201706,부산광역시 동구 중앙대로 361번길 14 (수정동),DGB Life Insurance Co.Ltd,11,DGB생명,56,333,오익환,276,771,48789,45
333,568,1577-3311,현대라이프생명주식회사,02-3284-7455,19,201706,서울특별시 영등포구 여의나루로 57 ,Hyundai Life Insurance. Co. Ltd,14,HDLIFE,32,334,이재원,549,2244,07327,78
334,564,1588-3131,동부생명보험㈜,02-3011-4000,19,201706,서울특별시 강남구 테헤란로 432 동부금융센터,Dongbu Life Insurance Co.Ltd.,18,,175,335,이태운,545,1717,06194,68
335,367,1588-9922,케이비생명보험주식회사,02-398-6842,14,201706,"서울특별시 영등포구 국제금융로 2길 28 KB금융타워 2층, 15~20층",KB Life Insurance Company,9,KB 생명보험,236,336,신용길,353,557,07325,35
336,160,02-3709-7304,하나생명보험주식회사,02-755-0767,6,201706,서울특별시 중구 을지로 66,Hana Life Insurance Co. Ltd.,23,하나생명 (Hana Life),2,337,권오훈,154,48,04538,3
337,149,02-2270-1600,아이비케이연금보험주식회사,02-2270-1508,9,201706,"서울특별시 중구 칠패로 37,IBK연금보험(봉래동 1가, HSBC빌딩)",IBK Insurance Co. Ltd,16,IBK연금보험(주),85,338,조희철,140,0,04511,0
338,1070,1544-4000,농협생명보험주식회사,02-3786-7120,13,201706,서울시 서대문구 충정로 60 ,NongHyup Life Insurance Co. Ltd.,1145,NH농협생명,133,339,서기봉,1057,2246,03740,106
339,83,1566-0999,교보라이프플래닛생명보험 주식회사,02-6020-8096,6,201706,서울특별시 영등포구 국제금융로 6길 11삼덕빌딩 8층,KYOBO LIFEPLANET LIFE INSURANCE COMPANY,2,교보라이프플래닛,0,340,이학상,77,0,07330,1
340,760,1588-5005,ING생명보험(주),02-2200-9939,30,201706,"서울특별시 중구 세종대로 7길 37 (순화동, ING센터)",ING Insurance Korea Ltd,12,,57,341,정문국,730,5284,04511,101
341,1025,1577-1004,동양생명보험주식회사,02-771-1347,22,201706,서울특별시 종로구 종로33(청진동) 그랑서울,TONGYANG LIFE INSURANCE CO. LTD.,33,,165,342,구한서,1003,3407,03159,133
342,169,1688-1118,비엔피파리바카디프생명보험주식회사,02-3788-8899,17,201706,"서울특별시 중구 후암로 110, 3층, 4층 (남대문로 5가)",BNP Paribas Cardif Life Insurance,16,BNP파리바카디프생명,7,343,브누아 메슬레(&apos;17.8월 선임),152,0,04637,1
343,937,1588-6500,ABL생명보험 주식회사,02-3787-8787,22,201706,"서울특별시 영등포구 의사당대로 147 (여의도동, ABL타워)",ABL Life Insurance ,23,ABL,101,344,순레이(&apos;17.6월 선임),915,3267,07332,150
344,585,1588-9600,메트라이프생명보험(주),02-3469-9700,30,201706,"서울특별시 강남구 테헤란로 316(역삼2동, 메트라이프타워)",MetLife Insurance Company of Korea  Ltd.,15,MetLife,153,345,데미언 그린,555,3708,06211,124
345,531,1588-3374,푸르덴셜생명보험 주식회사,02-2144-2100,31,201706,서울특별시 강남구 강남대로 298,The Prudential Life Insurance Company of Korea  Ltd.,0,POK,35,346,커티스 장,500,1932,06253,58
346,556,1588-9898,에이아이에이인터내셔널리미티드 한국지점,02-775-6109,35,201706,서울특별시 중구 통일로 2길 16 (순화동 216) AIA 타워,AIA International Limited Korea Branch,33,AIA Korea,541,347,차태진,521,1677,04511,48
347,867,1588-0058,라이나생명보험(주),02-792-6063,36,201706,서울특별시 종로구 삼봉로 48 (청진동 188) 시그나타워,LINA Life Insurance Company of Korea,22,라이나생명(주),233,348,홍봉성,831,1073,03156,4
348,318,1588-4300,PCA생명보험(주),02-6960-1605,18,201706,"서울 영등포구 국제 금융로 56, 9층(여의도동, 미래에셋대우빌딩)",PCA Life Insurance Co . Ltd,11,PCA생명,53,349,하만덕(&apos;17.6월 선임),300,1121,07330,39
349,200,1599-4600,처브라이프생명보험 주식회사,02-2107-4700,13,201706,서울특별시 강남구 삼성로 511 골든타워 5-6층,CHUBB Life Insurance Company Ltd.,14,처브라이프,50,350,이영호,187,905,06158,40
350,5333,1588-3114,삼성생명보험주식회사,02-2259-7708,69,201703,서울특별시 서초구 서초대로74길 11,Samsung Life Insurance Co. Ltd,39,삼성생명,2541,351,김창수,5264,25044,06620,729
351,3784,1588-1001,교보생명보험주식회사,02-737-9970,45,201703,서울특별시 종로구 종로1(종로1가),KYOBO LIFE INSURANCE CO.LTD,86,교보생명,217,352,신창재,3739,17435,03154,665
352,3844,1588-6363,한화생명보험주식회사,02-784-7217,63,201703,"서울특별시 영등포구 63로 50(여의도동, 63 한화생명빌딩)",HANWHA LIFE INSURANCE CO.LTD,37,HLI,257,353,차남규,3781,19770,07345,654
353,810,1588-2288,흥국생명보험주식회사,02-2002-7800,25,201703,서울특별시 종로구 새문안로 68,HEUNGKUK LIFE INSURANCE CO. LTD.,35,흥국생명,234,354,조병익,785,2792,03184,135
354,1057,1588-0220,미래에셋생명보험주식회사,02-3390-5700,43,201703,서울특별시 영등포구 국제금융로 56,Mirae Asset Life Insurance Co.Ltd.,24,미래에셋생명(Mirae Asset Life),100,355,김재식(&apos;17.6월 선임),1014,4062,07330,165
355,915,1588-4040,케이디비생명보험주식회사,02-771-7561,14,201703,서울특별시 용산구 한강대로 372KDB생명타워,KDB Life Insurance Co.Ltd,27,KDB생명보험㈜,621,356,안양수,901,3614,04323,178
356,1288,1588-5580,신한생명보험주식회사,02-775-3286,17,201703,서울특별시 중구 삼일대로 358(을지로2가),Shinhanlife insurance.co.LTD.,33,신한생명,397,357,이병찬,1271,8802,04542,185
357,291,1588-4770,DGB생명보험주식회사,051-465-0581,13,201703,부산광역시 동구 중앙대로 361번길 14 (수정동),DGB Life Insurance Co.Ltd,11,DGB생명,60,358,오익환,278,769,48789,46
358,573,1577-3311,현대라이프생명주식회사,02-3284-7455,20,201703,서울특별시 영등포구 여의나루로 57 ,Hyundai Life Insurance. Co. Ltd,14,HDLIFE,32,359,이재원,553,2131,07327,77
359,576,1588-3131,동부생명보험㈜,02-3011-4000,18,201703,서울특별시 강남구 테헤란로 432 동부금융센터,Dongbu Life Insurance Co.Ltd.,18,,174,360,이태운,558,1641,06194,68
360,371,1588-9922,케이비생명보험주식회사,02-398-6842,14,201703,"서울특별시 영등포구 국제금융로 2길 28 KB금융타워 2층, 15~20층",KB Life Insurance Company,9,KB 생명보험,223,361,신용길,357,490,07325,31
361,160,02-3709-7304,하나생명보험주식회사,02-755-0767,6,201703,서울특별시 중구 을지로 66,Hana Life Insurance Co. Ltd.,18,하나생명 (Hana Life),2,362,권오훈,154,38,04538,3
362,152,02-2270-1600,아이비케이연금보험주식회사,02-2270-1508,11,201703,"서울특별시 중구 칠패로 37,IBK연금보험(봉래동 1가, HSBC빌딩)",IBK Insurance Co. Ltd,16,IBK연금보험(주),69,363,조희철,141,0,04511,0
363,1057,1544-4000,농협생명보험주식회사,02-3786-7120,12,201703,서울시 서대문구 충정로 60 ,NongHyup Life Insurance Co. Ltd.,1145,NH농협생명,132,364,서기봉,1045,2179,03740,104
364,85,1566-0999,교보라이프플래닛생명보험 주식회사,02-6020-8096,6,201703,서울특별시 영등포구 국제금융로 6길 11삼덕빌딩 8층,KYOBO LIFEPLANET LIFE INSURANCE COMPANY,2,교보라이프플래닛,0,365,이학상,79,0,07330,1
365,767,1588-5005,ING생명보험(주),02-2200-9939,30,201703,"서울특별시 중구 세종대로 7길 37 (순화동, ING센터)",ING Insurance Korea Ltd,12,,61,366,정문국,737,5334,04511,100
366,1014,1577-1004,동양생명보험주식회사,02-771-1347,24,201703,서울특별시 종로구 종로33(청진동) 그랑서울,TONGYANG LIFE INSURANCE CO. LTD.,33,,166,367,구한서,990,3379,03159,130
367,170,1688-1118,비엔피파리바카디프생명보험주식회사,02-3788-8899,17,201703,"서울특별시 중구 후암로 110, 3층, 4층 (남대문로 5가)",BNP Paribas Cardif Life Insurance,17,BNP파리바카디프생명,5,368,쟝 크리스토프 다베스,153,0,04637,1
368,939,1588-6500,알리안츠생명보험 주식회사,02-3787-8787,22,201703,"서울특별시 영등포구 의사당대로 147 (여의도동, 알리안츠 타워)",Allianz Life Insurance CoLtd,23,AZLK,99,369,순레이(&apos;17.6월 선임),917,3299,07332,150
369,595,1588-9600,메트라이프생명보험(주),02-3469-9700,30,201703,"서울특별시 강남구 테헤란로 316(역삼2동, 메트라이프타워)",MetLife Insurance Company of Korea  Ltd.,15,MetLife,152,370,데미언 그린,565,3599,06211,124
370,538,1588-3374,푸르덴셜생명보험 주식회사,02-2144-2100,33,201703,서울특별시 강남구 강남대로 298,The Prudential Life Insurance Company of Korea  Ltd.,0,POK,34,371,커티스 장,505,1950,06253,60
371,556,1588-9898,에이아이에이인터내셔널리미티드 한국지점,02-775-6109,33,201703,서울특별시 중구 통일로 2길 16 (순화동 216) AIA 타워,AIA International Limited Korea Branch,33,AIA Korea,573,372,차태진,523,1599,04511,53
372,897,1588-0058,라이나생명보험(주),02-792-6063,39,201703,서울특별시 종로구 삼봉로 48 (청진동 188) 시그나타워,LINA Life Insurance Company of Korea,22,라이나생명(주),215,373,홍봉성,858,1135,03156,4
373,336,1588-4300,PCA생명보험(주),02-6960-1605,28,201703,서울특별시 강남구 테헤란로 302 피씨에이라이프타워,PCA Life Insurance Co . Ltd,11,PCA생명,54,374,하만덕(&apos;17.6월 선임),308,1113,06210,40
374,196,1599-4600,"처브라이프생명보험 주식회사(&apos;16.9.1 사명변경, 구 에이스생명)",02-2107-4700,13,201703,서울특별시 강남구 삼성로 511 골든타워 5-6층,CHUBB Life Insurance Company Ltd.,20,처브라이프,56,375,이영호,183,949,06158,40
375,5315,1588-3114,삼성생명보험주식회사,02-2259-7708,67,201612,서울특별시 서초구 서초대로74길 11,Samsung Life Insurance Co. Ltd,39,삼성생명,2400,376,김창수,5248,24891,06620,730
376,4275,1588-1001,교보생명보험주식회사,02-737-9970,43,201612,서울특별시 종로구 종로1(종로1가),KYOBO LIFE INSURANCE CO.LTD,84,교보생명,226,377,신창재,4232,17870,03154,670
377,3825,1588-6363,한화생명보험주식회사,02-784-7217,64,201612,"서울특별시 영등포구 63로 50(여의도동, 63 한화생명빌딩)",HANWHA LIFE INSURANCE CO.LTD,37,HLI,253,378,차남규,3761,19782,07345,655
378,826,1588-2288,흥국생명보험주식회사,02-2002-7800,22,201612,서울특별시 종로구 새문안로 68,HEUNGKUK LIFE INSURANCE CO. LTD.,33,흥국생명,234,379,조병익(&apos;17.3월 선임),804,3049,03184,136
379,1055,1588-0220,미래에셋생명보험주식회사,02-3390-5700,45,201612,서울특별시 영등포구 국제금융로 56,Mirae Asset Life Insurance Co.Ltd.,25,미래에셋생명(Mirae Asset Life),102,380,하만덕,1010,4031,07330,149
380,936,1588-4040,케이디비생명보험주식회사,02-771-7561,20,201612,서울특별시 용산구 한강대로 372KDB생명타워,KDB Life Insurance Co.Ltd,26,KDB생명보험㈜,623,381,안양수,916,3773,04323,191
381,1344,1588-5580,신한생명보험주식회사,02-775-3286,28,201612,서울특별시 중구 삼일대로 358(을지로2가),Shinhanlife insurance.co.LTD.,32,신한생명,407,382,이병찬,1316,8771,04542,196
382,284,1588-4770,DGB생명보험주식회사,051-465-0581,13,201612,부산광역시 동구 중앙대로 361번길 14 (수정동),DGB Life Insurance Co.Ltd,12,DGB생명,56,383,오익환,271,846,48789,49
383,569,1577-3311,현대라이프생명주식회사,02-3284-7455,22,201612,서울특별시 영등포구 여의나루로 57 ,Hyundai Life Insurance. Co. Ltd,14,HDLIFE,31,384,이재원(&apos;17.1월 선임),547,2291,07327,81
384,556,1588-3131,동부생명보험㈜,02-3011-4000,18,201612,서울특별시 강남구 테헤란로 432 동부금융센터,Dongbu Life Insurance Co.Ltd.,18,,173,385,이태운,538,1499,06194,71
385,358,1588-9922,케이비생명보험주식회사,02-398-6842,13,201612,"서울특별시 영등포구 국제금융로 2길 28 KB금융타워 2층, 15~20층",KB Life Insurance Company,10,KB 생명보험,215,386,신용길,345,473,07325,24
386,160,02-3709-7304,하나생명보험주식회사,02-755-0767,7,201612,서울특별시 중구 을지로 66,Hana Life Insurance Co. Ltd.,20,하나생명 (Hana Life),2,387,권오훈,153,37,04538,3
387,152,02-2270-1600,아이비케이연금보험주식회사,02-2270-1508,11,201612,"서울특별시 중구 칠패로 37,IBK연금보험(봉래동 1가, HSBC빌딩)",IBK Insurance Co. Ltd,16,IBK연금보험(주),0,388,조희철,141,0,04511,0
388,1049,1544-4000,농협생명보험주식회사,02-3786-7120,11,201612,서울시 서대문구 충정로 60 ,NongHyup Life Insurance Co. Ltd.,1145,NH농협생명,134,389,서기봉,1038,2121,03740,105
389,84,1566-0999,교보라이프플래닛생명보험 주식회사,02-6020-8096,5,201612,서울특별시 영등포구 국제금융로 6길 11삼덕빌딩 8층,KYOBO LIFEPLANET LIFE INSURANCE COMPANY,2,교보라이프플래닛,0,390,이학상,79,0,07330,1
390,770,1588-5005,ING생명보험(주),02-2200-9939,29,201612,"서울특별시 중구 세종대로 7길 37 (순화동, ING센터)",ING Insurance Korea Ltd,11,,51,391,정문국,741,5299,04511,102
391,1013,1577-1004,동양생명보험주식회사,02-771-1347,24,201612,서울특별시 종로구 종로33(청진동) 그랑서울,TONGYANG LIFE INSURANCE CO. LTD.,33,,172,392,구한서,989,3374,03159,132
392,170,1688-1118,비엔피파리바카디프생명보험주식회사,02-3788-8899,18,201612,"서울특별시 중구 후암로 110, 3층, 4층 (남대문로 5가)",BNP Paribas Cardif Life Insurance,18,BNP파리바카디프생명,5,393,쟝 크리스토프 다베스,152,0,04637,1
393,937,1588-6500,알리안츠생명보험 주식회사,02-3787-8787,18,201612,"서울특별시 영등포구 의사당대로 147 (여의도동, 알리안츠 타워)",Allianz Life Insurance CoLtd,23,AZLK,96,394,라우어리어 얀 요리스,919,3355,07332,175
394,595,1588-9600,메트라이프생명보험(주),02-3469-9700,30,201612,"서울특별시 강남구 테헤란로 316(역삼2동, 메트라이프타워)",MetLife Insurance Company of Korea  Ltd.,15,MetLife,153,395,데미언 그린,565,3627,06211,141
395,533,1588-3374,푸르덴셜생명보험 주식회사,02-2144-2100,33,201612,서울특별시 강남구 강남대로 298,The Prudential Life Insurance Company of Korea  Ltd.,0,POK,30,396,커티스 장,500,1968,06253,59
396,662,1588-9898,에이아이에이인터내셔널리미티드 한국지점,02-775-6109,11,201612,서울특별시 중구 통일로 2길 16 (순화동 216) AIA 타워,AIA International Limited Korea Branch,34,AIA Korea,645,397,차태진,651,1570,04511,57
397,880,1588-0058,라이나생명보험(주),02-792-6063,37,201612,서울특별시 종로구 삼봉로 48 (청진동 188) 시그나타워,LINA Life Insurance Company of Korea,22,라이나생명(주),206,398,홍봉성,843,1204,03156,4
398,338,1588-4300,PCA생명보험(주),02-6960-1605,28,201612,서울특별시 강남구 테헤란로 302 피씨에이라이프타워,PCA Life Insurance Co . Ltd,11,PCA생명,55,399,김영진,310,1061,06210,41
399,204,1599-4600,"처브라이프생명보험 주식회사(&apos;16.9.1 사명변경, 구 에이스생명)",02-2107-4700,13,201612,서울특별시 강남구 삼성로 511 골든타워 5-6층,CHUBB Life Insurance Company Ltd.,22,처브라이프,55,400,이영호,191,921,06158,39
400,5361,1588-3114,삼성생명보험주식회사,02-2259-7708,69,201609,서울특별시 서초구 서초대로74길 11,Samsung Life Insurance Co. Ltd,39,삼성생명,2254,401,김창수,5292,33366,06620,738
401,4166,1588-1001,교보생명보험주식회사,02-737-9970,43,201609,서울특별시 종로구 종로1(종로1가),KYOBO LIFE INSURANCE CO.LTD,84,교보생명,228,402,신창재,4123,18125,03154,670
402,3854,1588-6363,한화생명보험주식회사,02-784-7217,68,201609,"서울특별시 영등포구 63로 50(여의도동, 63 한화생명빌딩)",HANWHA LIFE INSURANCE CO.LTD,37,HLI,253,403,차남규,3786,21254,07345,654
403,835,1588-2288,흥국생명보험주식회사,02-2002-7800,19,201609,서울특별시 종로구 새문안로 68,HEUNGKUK LIFE INSURANCE CO. LTD.,36,흥국생명,240,404,김주윤,816,3506,03184,140
404,1283,1588-0220,미래에셋생명보험주식회사,02-3390-5700,49,201609,"서울특별시 강남구 테헤란로 507(삼성동, 일송빌딩) ",Mirae Asset Life Insurance Co.Ltd.,25,미래에셋생명(Mirae Asset Life),99,405,하만덕,1234,3893,06168,151
405,940,1588-4040,케이디비생명보험주식회사,02-771-7561,20,201609,서울특별시 용산구 한강대로 372KDB생명타워,KDB Life Insurance Co.Ltd,26,KDB생명보험㈜,645,406,안양수,920,3950,04323,186
406,1339,1588-5580,신한생명보험주식회사,02-775-3286,28,201609,서울특별시 중구 삼일대로 358(을지로2가),Shinhanlife insurance.co.LTD.,31,신한생명,430,407,이병찬,1311,9289,04542,198
407,282,1588-4770,DGB생명보험주식회사,051-465-0581,11,201609,부산광역시 동구 중앙대로 361번길 14 (수정동),DGB Life Insurance Co.Ltd,12,DGB생명,85,408,오익환,271,865,48789,49
408,556,1577-3311,현대라이프생명주식회사,02-3284-7455,24,201609,서울특별시 영등포구 여의나루로 57 ,Hyundai Life Insurance. Co. Ltd,12,HDLIFE,31,409,이주혁,532,2563,07327,77
409,558,1588-3131,동부생명보험㈜,02-3011-4000,18,201609,서울특별시 강남구 테헤란로 432 동부금융센터,Dongbu Life Insurance Co.Ltd.,17,,180,410,이태운,540,3477,06194,70
410,358,1588-9922,케이비생명보험주식회사,02-398-6842,13,201609,"서울특별시 영등포구 국제금융로 2길 28 KB금융타워 2층, 15~20층",KB Life Insurance Company,9,KB 생명보험,206,411,신용길,345,689,07325,30
411,161,02-3709-7304,하나생명보험주식회사,02-755-0767,7,201609,서울특별시 중구 서소문로 89-31,Hana Life Insurance Co. Ltd.,19,하나생명 (Hana Life),2,412,권오훈,154,15,04516,2
412,144,02-2270-1600,아이비케이연금보험주식회사,02-2270-1508,11,201609,"서울특별시 중구 칠패로 37,IBK연금보험(봉래동 1가, HSBC빌딩)",IBK Insurance Co. Ltd,15,IBK연금보험(주),0,413,조희철,133,0,04511,0
413,1055,1544-4000,농협생명보험주식회사,02-3786-7120,10,201609,서울시 서대문구 충정로 60 ,NongHyup Life Insurance Co. Ltd.,1146,NH농협생명,142,414,김용복,1045,2055,03740,106
414,80,1566-0999,교보라이프플래닛생명보험 주식회사,02-6020-8096,5,201609,서울특별시 영등포구 국제금융로 6길 11삼덕빌딩 8층,KYOBO LIFEPLANET LIFE INSURANCE COMPANY,2,교보라이프플래닛,0,415,이학상,75,0,07330,1
415,771,1588-5005,ING생명보험(주),02-2200-9939,29,201609,"서울특별시 중구 세종대로 7길 37 (순화동, ING센터)",ING Insurance Korea Ltd,11,,46,416,정문국,742,5239,04511,101
416,1012,1577-1004,동양생명보험주식회사,02-771-1347,24,201609,서울특별시 종로구 종로33(청진동) 그랑서울,TONGYANG LIFE INSURANCE CO. LTD.,33,,187,417,구한서,988,3318,03159,140
417,174,1688-1118,비엔피파리바카디프생명보험주식회사,02-3788-8899,18,201609,"서울특별시 중구 후암로 110, 3층, 4층 (남대문로 5가)",BNP Paribas Cardif Life Insurance,18,BNP파리바카디프생명,5,418,쟝 크리스토프 다베스,156,0,04637,1
418,944,1588-6500,알리안츠생명보험 주식회사,02-3787-8787,18,201609,"서울특별시 영등포구 의사당대로 147 (여의도동, 알리안츠 타워)",Allianz Life Insurance CoLtd,24,AZLK,88,419,라우어리어 얀 요리스,926,3483,07332,182
419,647,1588-9600,메트라이프생명보험(주),02-3469-9700,31,201609,"서울특별시 강남구 테헤란로 316(역삼2동, 메트라이프타워)",MetLife Insurance Company of Korea  Ltd.,15,MetLife,152,420,데미언 그린,616,3693,06211,141
420,529,1588-3374,푸르덴셜생명보험 주식회사,02-2144-2100,28,201609,서울특별시 강남구 강남대로 298,The Prudential Life Insurance Company of Korea  Ltd.,0,POK,25,421,커티스 장,501,2021,06253,59
421,667,1588-9898,에이아이에이인터내셔널리미티드 한국지점,02-775-6109,11,201609,서울특별시 중구 통일로 2길 16 (순화동 216) AIA 타워,AIA International Limited Korea Branch,34,AIA Korea,678,422,차태진,656,1593,04511,57
422,886,1588-0058,라이나생명보험(주),02-792-6063,40,201609,서울특별시 종로구 삼봉로 48 (청진동 188) 시그나타워,LINA Life Insurance Company of Korea,22,라이나생명(주),191,423,홍봉성,846,1249,03156,4
423,349,1588-4300,PCA생명보험(주),02-6960-1605,28,201609,서울특별시 강남구 테헤란로 302 피씨에이라이프타워,PCA Life Insurance Co . Ltd,11,PCA생명,56,424,김영진,321,995,06210,40
424,204,1599-4600,"처브라이프생명보험 주식회사(&apos;16.9.1 사명변경, 구 에이스생명)",02-2107-4700,13,201609,서울특별시 강남구 삼성로 511 골든타워 5-6층,CHUBB Life Insurance Company Ltd.,21,처브라이프,43,425,이영호,191,767,06158,30
425,5341,1588-3114,삼성생명보험주식회사,02-2259-7708,69,201606,서울특별시 서초구 서초대로74길 11,Samsung Life Insurance Co. Ltd,39,삼성생명,2140,426,김창수,5272,32249,06620,736
426,4173,1588-1001,교보생명보험주식회사,02-737-9970,43,201606,서울특별시 종로구 종로1(종로1가),KYOBO LIFE INSURANCE CO.LTD,84,교보생명,237,427,신창재,4130,18170,03154,669
427,532,1588-3374,푸르덴셜생명보험 주식회사,02-2144-2100,31,201803,서울특별시 강남구 강남대로 298,The Prudential Life Insurance Company of Korea Ltd.,0,POK,44,428,커티스 장,501,1837,06253,62
428,585,1588-9898,에이아이에이 생명보험 주식회사(&apos;18.1월 법인전환),02-775-6109,35,201803,서울특별시 중구 통일로 2길 16 (순화동 216) AIA 타워,AIA Life Insurance Co. Ltd.,34,AIA생명,489,429,차태진,550,1728,04511,40
429,827,1588-0058,라이나생명보험(주),02-792-6063,34,201803,서울특별시 종로구 삼봉로 48 (청진동 188) 시그나타워,LINA Life Insurance Company of Korea,22,라이나생명(주),206,430,홍봉성,793,906,03156,14
430,187,1599-4600,처브라이프생명보험 주식회사,02-2107-4700,10,201803,서울특별시 강남구 삼성로 511 골든타워 5-6층,Chubb Life Insurance Korea Co. Ltd,15,처브라이프생명,49,431,이영호,177,664,06158,35
431,5323,1588-3114,삼성생명보험주식회사,,69,201709,서울특별시 서초구 서초대로74길 11,Samsung Life Insurance Co. Ltd,41,삼성생명,2670,432,김창수,5254,25513,06620,726
432,3770,1588-1001,교보생명보험주식회사,02-737-9970,45,201709,서울특별시 종로구 종로 1,KYOBO LIFE INSURANCE CO.LTD,86,교보생명,185,433,신창재,3725,17333,03154,650
433,3843,1588-6363,한화생명보험주식회사,02-784-7217,62,201709,"서울특별시 영등포구 63로 50(여의도동, 63 한화생명빌딩)",HANWHA LIFE INSURANCE CO.LTD,40,HLI,265,434,차남규,3781,19656,07345,655
434,636,1588-2288,흥국생명보험주식회사,02-2002-7800,26,201709,서울특별시 종로구 새문안로 68,HEUNGKUK LIFE INSURANCE CO. LTD.,35,흥국생명,221,435,조병익,610,2027,03184,77
435,1043,1588-0220,미래에셋생명보험주식회사,02-3390-5700,41,201709,서울특별시 영등포구 국제금융로 56(여의도동 미래에셋대우빌딩),Mirae Asset Life Insurance Co.Ltd.,24,미래에셋생명(Mirae Asset Life),93,436,김재식,1002,3927,07330,153
436,714,1588-4040,케이디비생명보험주식회사,02-771-7561,10,201709,서울특별시 용산구 한강대로 372KDB생명타워,KDB Life Insurance Co.Ltd,27,KDB생명보험(주),422,437,안양수,704,2678,04323,105
437,1298,1588-5580,신한생명보험주식회사,02-775-3286,19,201709,서울특별시 중구 삼일대로 358(을지로 2가),Shinhanlife insurance.co.LTD.,33,신한생명,380,438,이병찬,1279,8687,04542,181
438,287,1588-4770,DGB생명보험주식회사,051-465-0581,12,201709,부산광역시 동구 중앙대로 361번길 14 (수정동),DGB Life Insurance Co.Ltd,11,DGB생명,56,439,오익환,275,771,48789,45
439,395,1577-3311,현대라이프생명주식회사,02-3284-7455,18,201709,서울특별시 영등포구 여의나루로 57 ,Hyundai Life Insurance. Co. Ltd,14,HDLIFE,31,440,이재원,377,1469,07327,23
440,583,1588-3131,DB생명보험㈜,02-3011-4000,19,201709,서울특별시 강남구 테헤란로 432 동부금융센터,DB Life Insurance Co.Ltd. (&apos;17.11.1. 변경),18,,168,441,이태운,564,1804,06194,69
441,361,1588-9922,케이비생명보험주식회사,02-398-6842,14,201709,"서울특별시 영등포구 국제금융로 2길 28 KB금융타워 2층, 15~20층",KB Life Insurance Company,10,KB 생명보험,237,442,허정수 (&apos;18년 1월 취임),347,588,07325,41
442,159,02-3709-7304,하나생명보험주식회사,02-755-0767,6,201709,서울특별시 중구 을지로 66,Hana Life Insurance Co. Ltd.,23,하나생명 (Hana Life),2,443,권오훈,153,27,04538,3
443,151,02-2270-1600,아이비케이연금보험주식회사,02-2270-1508,9,201709,"서울특별시 중구 칠패로 37,IBK연금보험(봉래동 1가, HSBC빌딩)",IBK Insurance Co. Ltd,17,IBK연금보험(주),90,444,장주성 (&apos;17. 12월 취임),142,0,04511,0
444,1075,1544-4000,농협생명보험주식회사,02-3786-7120,13,201709,서울특별시 서대문구 통일로 87  (&apos;17.12.11. 이전),NongHyup Life Insurance Co. Ltd.,1145,NH농협생명,133,445,서기봉,1062,2432,03739,104
445,93,1566-0999,교보라이프플래닛생명보험 주식회사,02-6020-8096,6,201709,서울특별시 영등포구 국제금융로 6길 11삼덕빌딩 8층,KYOBO LIFEPLANET LIFE INSURANCE COMPANY,3,교보라이프플래닛,0,446,이학상,87,0,07330,1
446,762,1588-5005,ING생명보험(주),02-2200-9939,31,201709,"서울특별시 중구 세종대로 7길 37 (순화동, ING센터)",ING Insurance Korea Ltd,13,,69,447,정문국,731,5299,04511,102
447,1019,1577-1004,동양생명보험주식회사,02-771-1347,22,201709,서울특별시 종로구 종로33(청진동) 그랑서울,TONG YANG LIFE INSURANCE CO.LTD.,34,,167,448,구한서,997,3351,03159,135
448,174,1688-1118,비엔피파리바카디프생명보험주식회사,02-3788-8899,16,201709,"서울특별시 중구 후암로 110, 3층, 4층 (남대문로 5가)",BNP Paribas Cardif Life Insurance,17,BNP파리바카디프생명,7,449,브누아 메슬레,158,0,04637,1
449,943,1588-6500,에이비엘생명보험 주식회사,02-3787-8787,23,201709,"서울특별시 영등포구 의사당대로 147 (여의도동, ABL타워)",ABL Life Insurance CoLtd,23,ABL,93,450,순레이,920,3204,07332,153
450,594,1588-9600,메트라이프생명보험(주),02-3469-9700,30,201709,서울특별시 강남구 테헤란로 316 (역삼동 메트라이프타워),MetLife Insurance Company of Korea  Ltd.,15,MetLife,140,451,데미언 그린,564,3769,06211,124
451,535,1588-3374,푸르덴셜생명보험 주식회사,02-2144-2100,30,201709,서울특별시 강남구 강남대로 298,The Prudential Life Insurance Company of Korea  Ltd.,0,POK,39,452,커티스 장,505,1929,06253,59
452,164,1577-1112,하나생명보험주식회사,02-3709-8688,6,201803,서울특별시 중구 을지로 66,Hana Life Insurance Co. Ltd.,28,하나생명 (Hana Life),2,453,주재중,158,27,04538,3
453,154,02-2270-1600,아이비케이연금보험주식회사,02-2270-1508,10,201803,"서울특별시 중구 칠패로 37,IBK연금보험(봉래동 1가, HSBC빌딩)",IBK Insurance Co. Ltd,18,IBK연금보험(주),92,454,장주성,144,0,04511,0
454,1112,1544-4000,농협생명보험주식회사,02-3786-7120,15,201803,서울특별시 서대문구 통일로 87 ,NongHyup Life Insurance Co. Ltd.,1145,NH농협생명,128,455,서기봉,1097,2358,03739,104
455,91,1566-0999,교보라이프플래닛생명보험 주식회사,02-6020-8096,6,201803,서울특별시 영등포구 국제금융로 6길 11삼덕빌딩 8층,KYOBO LIFEPLANET LIFE INSURANCE COMPANY,5,교보라이프플래닛,0,456,이학상,85,0,07330,1
456,761,1588-5005,ING생명보험(주),02-2200-9939,31,201803,"서울특별시 중구 세종대로 7길 37 (순화동, ING센터)",ING Insurance Korea Ltd,13,,75,457,정문국,730,5475,04511,105
457,1005,1577-1004,동양생명보험주식회사,02-771-1347,23,201803,서울특별시 종로구 종로33(청진동) 그랑서울,TONG YANG LIFE INSURANCE CO.LTD.,38,,160,458,뤄젠룽 (&apos;18.3월 단독대표 선임),982,3215,03159,140
458,179,1688-1118,비엔피파리바카디프생명보험주식회사,02-3788-8899,16,201803,"서울특별시 중구 후암로 110, 3층, 4층 (남대문로 5가)",BNP Paribas Cardif Life Insurance,17,BNP파리바카디프생명,8,459,브누아 메슬레,163,0,04637,1
459,942,1588-6500,에이비엘생명보험 주식회사,02-3787-8787,21,201803,"서울특별시 영등포구 의사당대로 147 (여의도동, ABL타워)",ABL Life Insurance CoLtd,23,ABL,91,460,순레이,921,3067,07332,150
460,593,1588-9600,메트라이프생명보험(주),02-3469-9700,29,201803,서울특별시 강남구 테헤란로 316 (역삼동 메트라이프타워),MetLife Insurance Company of Korea Ltd.,15,MetLife,143,461,데미언 그린,564,3725,06211,121
461,576,1588-9898,에이아이에이인터내셔널리미티드 한국지점,02-775-6109,35,201709,서울특별시 중구 통일로 2길 16 (순화동 216) AIA 타워,AIA International Limited Korea Branch,28,AIA Korea,519,462,차태진,541,1775,04511,46
462,5627,02-2259-7800,삼성생명보험주식회사,02-2259-7708,73,201409,서울특별시 중구 세종대로 55(태평로2가),Samsung Life Insurance Co. Ltd,37,삼성생명,1946,463,김창수,5554,30244,100716,826
463,4138,02-721-2121,교보생명보험주식회사,02-737-9970,44,201409,서울특별시 종로구 종로1(종로1가),KYOBO LIFE INSURANCE CO.LTD,93,교보생명,313,464,신창재,4094,20141,110714,686
464,4430,1588-6363,한화생명보험주식회사,02-784-7217,69,201409,서울특별시 영등포구 63로 50,HANWHA LIFE INSURANCE CO.LTD,36,HLI,763,465,"차남규, 김연배",4361,23235,150763,729
465,591,234699600,메트라이프생명보험(주),234699700,30,201903,서울 강남구 테헤란로 316 (역삼동 메트라이프타워),MetLife Insurance Company of Korea  Ltd.,15,MetLife,125,466,송영록,561,3232,6211,119
466,543,221442000,푸르덴셜생명보험 주식회사,221442100,29,201903,서울 강남구 역삼동 838 푸르덴셜 타워,The Prudential Life Insurance Company of Korea  Ltd.,0,POK,51,467,커티스 장,514,1871,135982,65
467,595,237074761,에이아이에이생명보험 주식회사,27756109,38,201903,서울 중구 통일로 2길 16 AIA TOWER,AIA Life Insurance Co. Ltd.,30,AIA생명,388,468,차태진,557,1414,4511,33
468,814,237811000,라이나생명보험(주),27926063,34,201903,서울시 종로구 삼봉로 48번지 시그나타워,LINA Life Insurance Company of Korea,24,라이나생명㈜,199,469,홍봉성,780,855,110130,10
469,172,21074600,처브라이프생명보험주식회사,21074700,10,201903,서울특별시 강남구 테헤란로 322 23층 동관(역삼동 한신인터밸리24빌딩),Chubb Life Insurance Korea Co. Ltd,17,처브라이프생명,62,470,이영호,162,412,6211,38
470,5258,215883114,삼성생명보험주식회사,,66,201906,서울특별시 서초구 서초대로74길 11,Samsung Life Insurance Co. Ltd,31,삼성생명,2739,471,현성철,5192,37985,6620,714
471,3873,72121213131,교보생명보험주식회사,7379970,43,201906,서울 종로구 종로 1,KYOBO LIFE INSURANCE CO.LTD,92,교보생명,158,472,신창재,3830,14568,3154,613
472,3949,15886363,한화생명보험주식회사,27847217,59,201906,서울시 영등포구 63로 50,HANWHA LIFE INSURANCE CO.LTD,47,HLI,183,473,"차남규, 여승주",3890,18153,150763,615
473,619,220027000,흥국생명보험회사,220027800,25,201906,서울시 종로구 새문안로68,HEUNGKUK LIFE INSURANCE CO. LTD.,42,흥국생명,229,474,조병익,594,1791,3184,57
474,1007,15771004,동양생명보험주식회사,7711347,18,201906,서울시 종로구 청진동 70,TONG YANG LIFE INSURANCE CO.LTD.,40,,145,475,뤄젠룽,989,2743,3159,128
475,1032,215880220,미래에셋생명보험주식회사,233905700,42,201906,서울특별시 영등포구 국제금율로 56(여의도동 미래에셋대우빌딩),Mirae Asset Life Insurance Co.Ltd.,24,미래에셋생명(Mirae Asset Life),84,476,하만덕 김재식,990,3458,7330,51
476,667,263035000,케이디비생명보험주식회사,27717561,18,201906,서울시 용산구 한강대로 372 KDB생명타워,KDB Life Insurance Co.Ltd,33,KDB생명보험㈜,616,477,정재욱,649,1647,4323,94
477,1260,,신한생명보험주식회사,27751950,17,201906,서울특별시 중구 삼일대로 358(을지로 2가),Shinhanlife insurance.co.LTD.,32,신한생명,346,478,성대규,1243,7179,4542,144
478,274,220879301,DGB생명보험주식회사,220879329,9,201906,부산광역시 동구 중앙대로361번길 14 1층(수정동),DGB life Insurance Co.Ltd,13,DGB생명,60,479,민기식,265,469,48789,5
479,353,69405350,푸본현대생명보험주식회사,32847455,20,201906,서울특별시 영등포구 여의나루로 57 (여의도동 신송센터),Fubon Hyundai Life Insurance Co.Ltd.,0,FHL,0,480,이재원,333,0,7327,0
480,582,15883131,DB생명보험(주),30114000,18,201906,서울 강남구 테헤란로 432 DB금융센터 7층,DB life Insurance Co.Ltd.,18,,154,481,이태운,564,3633,6194,69
481,371,23986800,케이비생명보험주식회사,23986842,14,201906,서울시 영등포구 국제금융로2길 28,KB Life Insurance Company,12,KB 생명보험,470,482,허정수,357,744,7325,19
482,169,237097300,하나생명보험주식회사,237098688,11,201906,서울특별시 중구 을지로 66,Hana Life Insurance Co. Ltd.,33,하나생명 (Hana Life),0,483,주재중,158,43,4538,3
483,172,222701600,아이비케이연금보험주식회사,222701508,14,201906,서울시 중구 칠패로 37(봉래동 1가 HSBC빌딩 1819층),IBK Insurance Co. Ltd,17,IBK연금보험㈜,109,484,장주성,158,0,100161,0
484,1065,15444000,농협생명보험주식회사,237867120,17,201906,서울 서대문구 통일로 87(미근동),"NongHyup Life Insurance Co.,Ltd",1135,NH농협생명,135,485,홍재은,1048,1918,3739,97
485,97,260208000,교보라이프플래닛생명보험 주식회사,260208096,6,201906,서울특별시 영등포구 국제금융로 6길 11 8층 (여의도동 삼덕빌딩),KYOBO LIFEPLANET LIFE INSURANCE COMPANY,9,교보라이프플래닛,8,486,이존학상,91,0,7330,1
486,782,222009114,오렌지라이프생명보험(주),222009939,27,201906,서울특별시 중구 세종대로7길 37,Orange Life Insurance Ltd.,14,,92,487,정문국,755,5143,4511,112
487,195,237888800,비엔피파리바카디프생명보험주식회사,237888899,18,201906,서울 중구 남대문로 5가 581 서울 시티타워 4층,BNP Paribas Cardif Life Insurance,18,BNP파리바카디프생명,14,488,브누아 메슬레,177,0,100803,1
488,903,237877000,에이비엘생명보험 주식회사,237878787,19,201906,서울시 영등포구 여의도동 4521(에이비엘 타워),ABL Life Insurance CoLtd,23,ABL,83,489,시예저치앙,884,2453,150978,111
489,592,234699600,메트라이프생명보험(주),234699700,29,201906,서울 강남구 테헤란로 316 (역삼동 메트라이프타워),MetLife Insurance Company of Korea  Ltd.,14,MetLife,122,490,송영록,563,3429,6211,115
490,556,221442000,푸르덴셜생명보험 주식회사,221442100,31,201906,서울 강남구 역삼동 838 푸르덴셜 타워,The Prudential Life Insurance Company of Korea  Ltd.,0,POK,54,491,커티스 장,525,1978,135982,65
491,606,237074761,에이아이에이생명보험 주식회사,27756109,39,201906,서울 중구 통일로 2길 16 AIA TOWER,AIA Life Insurance Co. Ltd.,30,AIA생명,358,492,차태진,567,1490,4511,32
492,788,237811000,라이나생명보험(주),27926063,35,201906,서울시 종로구 삼봉로 48번지 시그나타워,LINA Life Insurance Company of Korea,24,라이나생명㈜,200,493,홍봉성,753,852,110130,10
493,167,21074600,처브라이프생명보험주식회사,21074700,9,201906,서울특별시 강남구 테헤란로 322 23층 동관(역삼동 한신인터밸리24빌딩),Chubb Life Insurance Korea Co. Ltd,16,처브라이프생명,59,494,이영호,158,381,6211,37
494,5271,215883114,삼성생명보험주식회사,,65,201909,서울특별시 서초구 서초대로74길 11,Samsung Life Insurance Co. Ltd,31,삼성생명,2758,495,현성철,5206,37965,6620,715
495,3849,72121213131,교보생명보험주식회사,7379970,42,201909,서울 종로구 종로 1,KYOBO LIFE INSURANCE CO.LTD,92,교보생명,175,496,신창재,3807,14513,3154,611
496,3994,15886363,한화생명보험주식회사,27847217,59,201909,서울시 영등포구 63로 50,HANWHA LIFE INSURANCE CO.LTD,47,HLI,179,497,"차남규, 여승주",3935,18327,150763,604
497,632,220027000,흥국생명보험회사,220027800,26,201909,서울시 종로구 새문안로68,HEUNGKUK LIFE INSURANCE CO. LTD.,42,흥국생명,193,498,조병익,606,1827,3184,58
498,1006,15771004,동양생명보험주식회사,7711347,19,201909,서울시 종로구 청진동 70,TONG YANG LIFE INSURANCE CO.LTD.,40,,143,499,뤄젠룽,987,2593,3159,126
499,1054,215880220,미래에셋생명보험주식회사,233905700,42,201909,서울특별시 영등포구 국제금율로 56(여의도동 미래에셋대우빌딩),Mirae Asset Life Insurance Co.Ltd.,24,미래에셋생명(Mirae Asset Life),80,500,하만덕 변재상,1012,3386,7330,51
500,661,263035000,케이디비생명보험주식회사,27717561,18,201909,서울시 용산구 한강대로 372 KDB생명타워,KDB Life Insurance Co.Ltd,33,KDB생명보험㈜,615,501,정재욱,643,1633,4323,87
501,1258,,신한생명보험주식회사,27751950,17,201909,서울특별시 중구 삼일대로 358(을지로 2가),Shinhanlife insurance.co.LTD.,32,신한생명,339,502,성대규,1241,7140,4542,128
502,272,220879301,DGB생명보험주식회사,220879329,9,201909,부산광역시 동구 중앙대로361번길 14 1층(수정동),DGB life Insurance Co.Ltd,13,DGB생명,61,503,민기식,263,325,48789,5
503,369,69405350,푸본현대생명보험주식회사,32847455,20,201909,서울특별시 영등포구 여의나루로 57 (여의도동 신송센터),Fubon Hyundai Life Insurance Co.Ltd.,15,FHL,31,504,이재원,349,474,7327,14
504,582,15883131,DB생명보험(주),30114000,18,201909,서울 강남구 테헤란로 432 DB금융센터 7층,DB life Insurance Co.Ltd.,18,,154,505,이태운,564,3633,6194,69
505,344,23986800,케이비생명보험주식회사,23986842,14,201909,서울시 영등포구 국제금융로2길 28,KB Life Insurance Company,14,KB 생명보험,478,506,허정수,330,610,7325,13
506,170,237097300,하나생명보험주식회사,237098688,12,201909,서울특별시 중구 을지로 66,Hana Life Insurance Co. Ltd.,34,하나생명 (Hana Life),0,507,주재중,158,45,4538,3
507,171,222701600,아이비케이연금보험주식회사,222701508,16,201909,서울시 중구 칠패로 37(봉래동 1가 HSBC빌딩 1819층),IBK Insurance Co. Ltd,29,IBK연금보험㈜,116,508,장주성,155,0,100161,0
508,1057,15444000,농협생명보험주식회사,237867120,17,201909,서울 서대문구 통일로 87(미근동),"NongHyup Life Insurance Co.,Ltd",1135,NH농협생명,134,509,홍재은,1040,1813,3739,96
509,102,260208000,교보라이프플래닛생명보험 주식회사,260208096,6,201909,서울특별시 영등포구 국제금융로 6길 11 8층 (여의도동 삼덕빌딩),KYOBO LIFEPLANET LIFE INSURANCE COMPANY,9,교보라이프플래닛,8,510,이존학상,96,0,7330,1
510,786,222009114,오렌지라이프생명보험(주),222009939,27,201909,서울특별시 중구 세종대로7길 37,Orange Life Insurance Ltd.,14,,96,511,정문국,759,5215,4511,111
511,207,237888800,비엔피파리바카디프생명보험주식회사,237888899,19,201909,서울 중구 남대문로 5가 581 서울 시티타워 4층,BNP Paribas Cardif Life Insurance,19,BNP파리바카디프생명,16,512,브누아 메슬레,188,0,100803,1
512,905,237877000,에이비엘생명보험 주식회사,237878787,17,201909,서울시 영등포구 여의도동 4521(에이비엘 타워),ABL Life Insurance CoLtd,24,ABL,87,513,시예저치앙,888,2443,150978,111
513,593,234699600,메트라이프생명보험(주),234699700,28,201909,서울 강남구 테헤란로 316 (역삼동 메트라이프타워),MetLife Insurance Company of Korea  Ltd.,14,MetLife,128,514,송영록,565,3392,6211,113
514,559,221442000,푸르덴셜생명보험 주식회사,221442100,30,201909,서울 강남구 역삼동 838 푸르덴셜 타워,The Prudential Life Insurance Company of Korea  Ltd.,0,POK,54,515,커티스 장,529,1982,135982,68
515,618,237074761,에이아이에이생명보험 주식회사,27756109,42,201909,서울 중구 통일로 2길 16 AIA TOWER,AIA Life Insurance Co. Ltd.,29,AIA생명,350,516,차태진,576,1412,4511,31
516,793,237811000,라이나생명보험(주),27926063,32,201909,서울시 종로구 삼봉로 48번지 시그나타워,LINA Life Insurance Company of Korea,24,라이나생명㈜,206,517,홍봉성,761,814,110130,10
517,168,21074600,처브라이프생명보험주식회사,21074700,10,201909,서울특별시 강남구 테헤란로 322 23층 동관(역삼동 한신인터밸리24빌딩),Chubb Life Insurance Korea Co. Ltd,16,처브라이프생명,58,518,이영호,158,351,6211,30
518,5232,215883114,삼성생명보험주식회사,,65,201912,서울특별시 서초구 서초대로74길 11,Samsung Life Insurance Co. Ltd,31,삼성생명,2749,519,현성철,5167,38310,6620,716
519,3822,72121213131,교보생명보험주식회사,7379970,41,201912,서울 종로구 종로 1,KYOBO LIFE INSURANCE CO.LTD,92,교보생명,178,520,신창재,3781,14427,3154,601
520,4004,15886363,한화생명보험주식회사,27847217,59,201912,서울시 영등포구 63로 50,HANWHA LIFE INSURANCE CO.LTD,47,HLI,179,521,여승주,3945,18043,150763,592
521,624,220027000,흥국생명보험회사,220027800,24,201912,서울시 종로구 새문안로68,HEUNGKUK LIFE INSURANCE CO. LTD.,42,흥국생명,190,522,조병익,600,1829,3184,57
522,1005,15771004,동양생명보험주식회사,7711347,21,201912,서울시 종로구 청진동 70,TONG YANG LIFE INSURANCE CO.LTD.,41,,147,523,뤄젠룽,984,2468,3159,121
523,1050,215880220,미래에셋생명보험주식회사,233905700,43,201912,서울특별시 영등포구 국제금율로 56(여의도동 미래에셋대우빌딩),Mirae Asset Life Insurance Co.Ltd.,24,미래에셋생명(Mirae Asset Life),80,524,하만덕 변재상,1007,3381,7330,52
524,682,263035000,케이디비생명보험주식회사,27717561,18,201912,서울시 용산구 한강대로 372 KDB생명타워,KDB Life Insurance Co.Ltd,33,KDB생명보험㈜,597,525,정재욱,664,1632,4323,89
525,1254,,신한생명보험주식회사,27751950,17,201912,서울특별시 중구 삼일대로 358(을지로 2가),Shinhanlife insurance.co.LTD.,32,신한생명,336,526,성대규,1237,7227,4542,125
526,241,220879301,DGB생명보험주식회사,220879329,9,201912,부산광역시 동구 중앙대로361번길 14 1층(수정동),DGB life Insurance Co.Ltd,13,DGB생명,56,527,민기식,232,288,48789,5
527,374,69405350,푸본현대생명보험주식회사,32847455,20,201912,서울특별시 영등포구 여의나루로 57 (여의도동 신송센터),Fubon Hyundai Life Insurance Co.Ltd.,15,FHL,31,528,이재원,354,425,7327,14
528,590,15883131,DB생명보험(주),30114000,18,201912,서울 강남구 테헤란로 432 DB금융센터 7층,DB life Insurance Co.Ltd.,18,,131,529,이태운,572,3721,6194,65
529,343,23986800,케이비생명보험주식회사,23986842,14,201912,서울시 영등포구 국제금융로2길 28,KB Life Insurance Company,14,KB 생명보험,493,530,허정수,329,728,7325,13
530,173,237097300,하나생명보험주식회사,237098688,12,201912,서울특별시 중구 을지로 66,Hana Life Insurance Co. Ltd.,34,하나생명 (Hana Life),0,531,주재중,161,47,4538,3
531,176,222701600,아이비케이연금보험주식회사,222701508,17,201912,서울시 중구 칠패로 37(봉래동 1가 HSBC빌딩 1819층),IBK Insurance Co. Ltd,29,IBK연금보험㈜,125,532,장주성,159,0,100161,0
532,1050,15444000,농협생명보험주식회사,237867120,17,201912,서울 서대문구 통일로 87(미근동),"NongHyup Life Insurance Co.,Ltd",1135,NH농협생명,133,533,홍재은,1033,1678,3739,94
533,100,260208000,교보라이프플래닛생명보험 주식회사,260208096,6,201912,서울특별시 영등포구 국제금융로 6길 11 8층 (여의도동 삼덕빌딩),KYOBO LIFEPLANET LIFE INSURANCE COMPANY,10,교보라이프플래닛,8,534,이존학상,94,0,7330,1
534,778,222009114,오렌지라이프생명보험(주),222009939,25,201912,서울특별시 중구 세종대로7길 37,Orange Life Insurance Ltd.,14,,109,535,정문국,753,5126,4511,106
535,207,237888800,비엔피파리바카디프생명보험주식회사,237888899,18,201912,서울 중구 남대문로 5가 581 서울 시티타워 4층,BNP Paribas Cardif Life Insurance,19,BNP파리바카디프생명,17,536,브누아 메슬레,189,0,100803,1
536,892,237877000,에이비엘생명보험 주식회사,237878787,17,201912,서울시 영등포구 여의도동 4521(에이비엘 타워),ABL Life Insurance CoLtd,24,ABL,82,537,시예저치앙,875,2401,150978,101
537,596,234699600,메트라이프생명보험(주),234699700,28,201912,서울 강남구 테헤란로 316 (역삼동 메트라이프타워),MetLife Insurance Company of Korea  Ltd.,14,MetLife,130,538,송영록,568,3361,6211,113
538,564,221442000,푸르덴셜생명보험 주식회사,221442100,28,201912,서울 강남구 역삼동 838 푸르덴셜 타워,The Prudential Life Insurance Company of Korea  Ltd.,0,POK,57,539,커티스 장,536,2054,135982,68
539,618,237074761,에이아이에이생명보험 주식회사,27756109,41,201912,서울 중구 통일로 2길 16 AIA TOWER,AIA Life Insurance Co. Ltd.,29,AIA생명,349,540,차태진,577,1359,4511,31
540,819,237811000,라이나생명보험(주),27926063,33,201912,서울시 종로구 삼봉로 48번지 시그나타워,LINA Life Insurance Company of Korea,24,라이나생명㈜,194,541,홍봉성,786,1111,110130,20
541,168,21074600,처브라이프생명보험주식회사,21074700,11,201912,서울특별시 강남구 테헤란로 322 23층 동관(역삼동 한신인터밸리24빌딩),Chubb Life Insurance Korea Co. Ltd,16,처브라이프생명,58,542,김형석,157,309,6211,29
542,5204,215883114,삼성생명보험주식회사,,61,202003,서울특별시 서초구 서초대로74길 11,Samsung Life Insurance Co. Ltd,31,삼성생명,2730,543,전영묵,5143,38681,6620,716
543,3873,72121213131,교보생명보험주식회사,7379970,41,202003,서울 종로구 종로 1,KYOBO LIFE INSURANCE CO.LTD,94,교보생명,177,544,신창재,3832,14400,3154,598
544,4080,15886363,한화생명보험주식회사,27847217,67,202003,서울시 영등포구 63로 50,HANWHA LIFE INSURANCE CO.LTD,49,HLI,196,545,여승주,4013,18962,150763,588
545,642,220027000,흥국생명보험회사,220027800,23,202003,서울시 종로구 새문안로68,HEUNGKUK LIFE INSURANCE CO. LTD.,44,흥국생명,191,546,조병익,619,1801,3184,57
546,1001,15771004,동양생명보험주식회사,7711347,21,202003,서울시 종로구 청진동 70,TONG YANG LIFE INSURANCE CO.LTD.,41,,153,547,뤄젠룽,980,2483,3159,120
547,1041,215880220,미래에셋생명보험주식회사,233905700,43,202003,서울특별시 영등포구 국제금율로 56(여의도동 미래에셋대우빌딩),Mirae Asset Life Insurance Co.Ltd.,24,미래에셋생명(Mirae Asset Life),86,548,하만덕 변재상,998,3388,7330,48
548,687,263035000,케이디비생명보험주식회사,27717561,19,202003,서울시 용산구 한강대로 372 KDB생명타워,KDB Life Insurance Co.Ltd,35,KDB생명보험㈜,596,549,정재욱,668,1531,4323,85
549,1245,,신한생명보험주식회사,27751950,17,202003,서울특별시 중구 삼일대로 358(을지로 2가),Shinhanlife insurance.co.LTD.,32,신한생명,332,550,성대규,1228,7367,4542,122
550,237,220879301,DGB생명보험주식회사,220879329,10,202003,부산광역시 동구 중앙대로361번길 14 1층(수정동),DGB life Insurance Co.Ltd,15,DGB생명,60,551,민기식,227,260,48789,5
551,388,69405350,푸본현대생명보험주식회사,32847455,23,202003,서울특별시 영등포구 여의나루로 57 (여의도동 신송센터),Fubon Hyundai Life Insurance Co.Ltd.,15,FHL,30,552,이재원,365,416,7327,14
552,614,15883131,DB생명보험(주),30114000,18,202003,서울 강남구 테헤란로 432 DB금융센터 7층,DB life Insurance Co.Ltd.,18,,132,553,이태운,596,3627,6194,64
553,342,23986800,케이비생명보험주식회사,23986842,14,202003,서울시 영등포구 국제금융로2길 28,KB Life Insurance Company,14,KB 생명보험,502,554,허정수,328,732,7325,12
554,174,237097300,하나생명보험주식회사,237098688,11,202003,서울특별시 중구 을지로 66,Hana Life Insurance Co. Ltd.,37,하나생명 (Hana Life),0,555,김인석,163,39,4538,3
555,176,222701600,아이비케이연금보험주식회사,222701508,17,202003,서울시 중구 칠패로 37(봉래동 1가 HSBC빌딩 1819층),IBK Insurance Co. Ltd,31,IBK연금보험㈜,126,556,장주성,159,0,100161,0
556,1036,15444000,농협생명보험주식회사,237867120,17,202003,서울 서대문구 통일로 87(미근동),"NongHyup Life Insurance Co.,Ltd",1135,NH농협생명,137,557,홍재은,1019,1470,3739,82
557,99,260208000,교보라이프플래닛생명보험 주식회사,260208096,6,202003,서울특별시 영등포구 국제금융로 6길 11 8층 (여의도동 삼덕빌딩),KYOBO LIFEPLANET LIFE INSURANCE COMPANY,10,교보라이프플래닛,7,558,이존학상,93,0,7330,1
558,768,222009114,오렌지라이프생명보험(주),222009939,25,202003,서울특별시 중구 세종대로7길 37,Orange Life Insurance Ltd.,14,,107,559,정문국,743,4843,4511,106
559,208,237888800,비엔피파리바카디프생명보험주식회사,237888899,19,202003,서울 중구 남대문로 5가 581 서울 시티타워 4층,BNP Paribas Cardif Life Insurance,19,BNP파리바카디프생명,19,560,브누아 메슬레,189,0,100803,1
560,887,237877000,에이비엘생명보험 주식회사,237878787,17,202003,서울시 영등포구 여의도동 4521(에이비엘 타워),ABL Life Insurance CoLtd,24,ABL,86,561,시예저치앙,870,2427,150978,101
561,604,234699600,메트라이프생명보험(주),234699700,29,202003,서울 강남구 테헤란로 316 (역삼동 메트라이프타워),MetLife Insurance Company of Korea  Ltd.,14,MetLife,132,562,송영록,575,3373,6211,106
562,563,221442000,푸르덴셜생명보험 주식회사,221442100,27,202003,서울 강남구 역삼동 838 푸르덴셜 타워,The Prudential Life Insurance Company of Korea  Ltd.,0,POK,59,563,커티스 장,536,1991,135982,76
563,614,237074761,에이아이에이생명보험 주식회사,27756109,39,202003,서울 중구 통일로 2길 16 AIA TOWER,AIA Life Insurance Co. Ltd.,29,AIA생명,348,564,정피터,575,1337,4511,29
564,804,237811000,라이나생명보험(주),27926063,31,202003,서울시 종로구 삼봉로 48번지 시그나타워,LINA Life Insurance Company of Korea,24,라이나생명㈜,179,565,홍봉성,773,967,110130,17
565,148,21074600,처브라이프생명보험주식회사,21074700,13,202003,서울특별시 강남구 테헤란로 322 23층 동관(역삼동 한신인터밸리24빌딩),Chubb Life Insurance Korea Co. Ltd,16,처브라이프생명,61,566,김형석,135,259,6211,27
566,5187,215883114,삼성생명보험주식회사,,61,202006,서울특별시 서초구 서초대로74길 11,Samsung Life Insurance Co. Ltd,31,삼성생명,2745,567,전영묵,5126,38747,6620,713
567,3847,72121213131,교보생명보험주식회사,7379970,41,202006,서울 종로구 종로 1,KYOBO LIFE INSURANCE CO.LTD,94,교보생명,178,568,"신창재, 윤열현",3806,14671,3154,594
568,4073,15886363,한화생명보험주식회사,27847217,68,202006,서울시 영등포구 63로 50,HANWHA LIFE INSURANCE CO.LTD,49,HLI,204,569,여승주,4005,19469,150763,583
569,647,220027000,흥국생명보험회사,220027800,23,202006,서울시 종로구 새문안로68,HEUNGKUK LIFE INSURANCE CO. LTD.,44,흥국생명,201,570,조병익,624,1860,3184,57
570,997,15771004,동양생명보험주식회사,7711347,19,202006,서울시 종로구 청진동 70,TONG YANG LIFE INSURANCE CO.LTD.,43,,150,571,뤄젠룽,978,2486,3159,121
571,1034,215880220,미래에셋생명보험주식회사,233905700,43,202006,서울특별시 영등포구 국제금율로 56(여의도동 미래에셋대우빌딩),Mirae Asset Life Insurance Co.Ltd.,24,미래에셋생명(Mirae Asset Life),89,572,하만덕 변재상,991,3518,7330,48
572,710,263035000,케이디비생명보험주식회사,27717561,18,202006,서울시 용산구 한강대로 372 KDB생명타워,KDB Life Insurance Co.Ltd,35,KDB생명보험㈜,597,573,정재욱,692,1408,4323,85
573,1251,,신한생명보험주식회사,27751950,17,202006,서울특별시 중구 삼일대로 358(을지로 2가),Shinhanlife insurance.co.LTD.,32,신한생명,327,574,성대규,1234,7717,4542,123
574,234,220879301,DGB생명보험주식회사,220879329,10,202006,부산광역시 동구 중앙대로361번길 14 1층(수정동),DGB life Insurance Co.Ltd,15,DGB생명,62,575,민기식,224,204,48789,5
575,395,69405350,푸본현대생명보험주식회사,32847455,23,202006,서울특별시 영등포구 여의나루로 57 (여의도동 신송센터),Fubon Hyundai Life Insurance Co.Ltd.,15,FHL,30,576,이재원,372,446,7327,14
576,608,15883131,DB생명보험(주),30114000,18,202006,서울 강남구 테헤란로 432 DB금융센터 7층,DB life Insurance Co.Ltd.,18,,120,577,이태운,590,3599,6194,66
577,347,23986800,케이비생명보험주식회사,23986842,14,202006,서울시 영등포구 국제금융로2길 28,KB Life Insurance Company,14,KB 생명보험,352,578,허정수,333,536,7325,11
578,178,237097300,하나생명보험주식회사,237098688,10,202006,서울특별시 중구 을지로 66,Hana Life Insurance Co. Ltd.,38,하나생명 (Hana Life),0,579,김인석,168,30,4538,3
579,176,222701600,아이비케이연금보험주식회사,222701508,15,202006,서울시 중구 칠패로 37(봉래동 1가 HSBC빌딩 1819층),IBK Insurance Co. Ltd,31,IBK연금보험㈜,125,580,양춘근,161,0,100161,0
580,1035,15444000,농협생명보험주식회사,237867120,17,202006,서울 서대문구 통일로 87(미근동),"NongHyup Life Insurance Co.,Ltd",1135,NH농협생명,138,581,홍재은,1018,1277,3739,78
581,103,260208000,교보라이프플래닛생명보험 주식회사,260208096,6,202006,서울특별시 영등포구 국제금융로 6길 11 8층 (여의도동 삼덕빌딩),KYOBO LIFEPLANET LIFE INSURANCE COMPANY,10,교보라이프플래닛,7,582,이존학상,97,0,7330,1
582,764,222009114,오렌지라이프생명보험(주),222009939,24,202006,서울특별시 중구 세종대로7길 37,Orange Life Insurance Ltd.,14,,103,583,정문국,740,5299,4511,105
583,210,237888800,비엔피파리바카디프생명보험주식회사,237888899,19,202006,서울 중구 남대문로 5가 581 서울 시티타워 4층,BNP Paribas Cardif Life Insurance,19,BNP파리바카디프생명,20,584,브누아 메슬레,191,0,100803,1
584,867,237877000,에이비엘생명보험 주식회사,237878787,17,202006,서울시 영등포구 여의도동 4521(에이비엘 타워),ABL Life Insurance CoLtd,24,ABL,80,585,시예저치앙,850,2387,150978,92
585,608,234699600,메트라이프생명보험(주),234699700,30,202006,서울 강남구 테헤란로 316 (역삼동 메트라이프타워),MetLife Insurance Company of Korea  Ltd.,14,MetLife,142,586,송영록,578,3478,6211,106
586,571,221442000,푸르덴셜생명보험 주식회사,221442100,27,202006,서울 강남구 역삼동 838 푸르덴셜 타워,The Prudential Life Insurance Company of Korea  Ltd.,0,POK,62,587,커티스 장,544,2129,135982,76
587,609,237074761,에이아이에이생명보험 주식회사,27756109,39,202006,서울 중구 통일로 2길 16 AIA TOWER,AIA Life Insurance Co. Ltd.,29,AIA생명,329,588,정피터,570,1291,4511,31
588,800,237811000,라이나생명보험(주),27926063,28,202006,서울시 종로구 삼봉로 48번지 시그나타워,LINA Life Insurance Company of Korea,24,라이나생명㈜,174,589,홍봉성,772,1076,110130,18
589,141,21074600,처브라이프생명보험주식회사,21074700,14,202006,서울특별시 강남구 테헤란로 322 23층 동관(역삼동 한신인터밸리24빌딩),Chubb Life Insurance Korea Co. Ltd,16,처브라이프생명,59,590,김형석,127,185,6211,29
